link,1,https://github.com/cjcaf1995/stash/issues/250
link,1,https://github.com/cjcaf1995/stash/issues/181
link,1,https://github.com/cjcaf1995/stash/issues/203
link,1,https://github.com/cjcaf1995/stash/issues/292
link,1,https://github.com/cjcaf1995/stash/issues/148
link,1,https://github.com/cjcaf1995/stash/issues/392
link,1,https://github.com/cjcaf1995/stash/issues/353
link,1,https://github.com/cjcaf1995/stash/issues/405
link,1,https://github.com/cjcaf1995/stash/issues/197
link,1,https://github.com/cjcaf1995/stash/issues/399
link,1,https://github.com/cjcaf1995/stash/issues/194
link,1,https://github.com/cjcaf1995/stash/issues/334
link,1,https://github.com/cjcaf1995/stash/issues/125
link,1,https://github.com/cjcaf1995/stash/issues/138
link,1,https://github.com/cjcaf1995/stash/issues/296
link,1,https://github.com/cjcaf1995/stash/issues/232
link,1,https://github.com/cjcaf1995/stash/issues/270
link,1,https://github.com/cjcaf1995/stash/issues/161
link,1,https://github.com/cjcaf1995/stash/issues/165
link,1,https://github.com/cjcaf1995/stash/issues/271
link,1,https://github.com/cjcaf1995/stash/issues/153
link,1,https://github.com/cjcaf1995/stash/issues/247
link,1,https://github.com/cjcaf1995/stash/issues/252
link,1,https://github.com/cjcaf1995/stash/issues/354
link,1,https://github.com/cjcaf1995/stash/issues/167
link,1,https://github.com/cjcaf1995/stash/issues/313
link,1,https://github.com/cjcaf1995/stash/issues/343
link,1,https://github.com/cjcaf1995/stash/issues/304
link,1,https://github.com/cjcaf1995/stash/issues/187
link,1,https://github.com/cjcaf1995/stash/issues/312
link,1,https://github.com/cjcaf1995/stash/issues/146
link,1,https://github.com/cjcaf1995/stash/issues/196
link,1,https://github.com/cjcaf1995/stash/issues/224
link,1,https://github.com/cjcaf1995/stash/issues/370
link,1,https://github.com/cjcaf1995/stash/issues/272
link,1,https://github.com/cjcaf1995/stash/issues/290
link,1,https://github.com/cjcaf1995/stash/issues/298
link,1,https://github.com/cjcaf1995/stash/issues/150
link,1,https://github.com/cjcaf1995/stash/issues/283
link,1,https://github.com/cjcaf1995/stash/issues/307
link,1,https://github.com/cjcaf1995/stash/issues/149
link,1,https://github.com/cjcaf1995/stash/issues/205
link,1,https://github.com/cjcaf1995/stash/issues/168
link,1,https://github.com/cjcaf1995/stash/issues/337
link,1,https://github.com/cjcaf1995/stash/issues/386
link,1,https://github.com/cjcaf1995/stash/issues/341
link,1,https://github.com/cjcaf1995/stash/issues/129
link,1,https://github.com/cjcaf1995/stash/issues/355
link,1,https://github.com/cjcaf1995/stash/issues/373
link,1,https://github.com/cjcaf1995/stash/issues/348
link,1,https://github.com/cjcaf1995/stash/issues/245
link,1,https://github.com/cjcaf1995/stash/issues/134
link,1,https://github.com/cjcaf1995/stash/issues/164
link,1,https://github.com/cjcaf1995/stash/issues/184
link,1,https://github.com/cjcaf1995/stash/issues/186
link,1,https://github.com/cjcaf1995/stash/issues/306
link,1,https://github.com/cjcaf1995/stash/issues/130
link,1,https://github.com/cjcaf1995/stash/issues/280
link,1,https://github.com/cjcaf1995/stash/issues/174
link,1,https://github.com/cjcaf1995/stash/issues/221
link,1,https://github.com/cjcaf1995/stash/issues/332
link,1,https://github.com/cjcaf1995/stash/issues/234
link,1,https://github.com/cjcaf1995/stash/issues/227
link,1,https://github.com/cjcaf1995/stash/issues/178
link,1,https://github.com/cjcaf1995/stash/issues/285
link,1,https://github.com/cjcaf1995/stash/issues/400
link,1,https://github.com/cjcaf1995/stash/issues/406
link,1,https://github.com/cjcaf1995/stash/issues/314
link,1,https://github.com/cjcaf1995/stash/issues/220
link,1,https://github.com/cjcaf1995/stash/issues/379
link,1,https://github.com/cjcaf1995/stash/issues/300
link,1,https://github.com/cjcaf1995/stash/issues/281
link,1,https://github.com/cjcaf1995/stash/issues/242
link,1,https://github.com/cjcaf1995/stash/issues/170
link,1,https://github.com/cjcaf1995/stash/issues/228
link,1,https://github.com/cjcaf1995/stash/issues/303
link,1,https://github.com/cjcaf1995/stash/issues/1072
link,1,https://github.com/cjcaf1995/stash/issues/151
link,1,https://github.com/cjcaf1995/stash/issues/188
link,1,https://github.com/cjcaf1995/stash/issues/393
link,1,https://github.com/cjcaf1995/stash/issues/487
link,1,https://github.com/cjcaf1995/stash/issues/251
link,1,https://github.com/cjcaf1995/stash/issues/416
link,1,https://github.com/cjcaf1995/stash/issues/333
link,1,https://github.com/cjcaf1995/stash/issues/308
link,1,https://github.com/cjcaf1995/stash/issues/318
link,1,https://github.com/cjcaf1995/stash/issues/275
link,1,https://github.com/cjcaf1995/stash/issues/155
link,1,https://github.com/cjcaf1995/stash/issues/345
link,1,https://github.com/cjcaf1995/stash/issues/229
link,1,https://github.com/cjcaf1995/stash/issues/329
link,1,https://github.com/cjcaf1995/stash/issues/362
link,1,https://github.com/cjcaf1995/stash/issues/248
link,1,https://github.com/cjcaf1995/stash/issues/398
link,1,https://github.com/cjcaf1995/stash/issues/394
link,1,https://github.com/cjcaf1995/stash/issues/255
link,1,https://github.com/cjcaf1995/stash/issues/309
link,1,https://github.com/cjcaf1995/stash/issues/408
link,1,https://github.com/cjcaf1995/stash/issues/330
link,1,https://github.com/cjcaf1995/stash/issues/190
link,1,https://github.com/cjcaf1995/stash/issues/162
link,1,https://github.com/cjcaf1995/stash/issues/195
link,1,https://github.com/cjcaf1995/stash/issues/163
link,1,https://github.com/cjcaf1995/stash/issues/193
link,1,https://github.com/cjcaf1995/stash/issues/349
link,1,https://github.com/cjcaf1995/stash/issues/352
link,1,https://github.com/cjcaf1995/stash/issues/321
link,1,https://github.com/cjcaf1995/stash/issues/172
link,1,https://github.com/cjcaf1995/stash/issues/376
link,1,https://github.com/cjcaf1995/stash/issues/207
link,1,https://github.com/cjcaf1995/stash/issues/278
link,1,https://github.com/cjcaf1995/stash/issues/293
link,1,https://github.com/cjcaf1995/stash/issues/339
link,1,https://github.com/cjcaf1995/stash/issues/233
link,1,https://github.com/cjcaf1995/stash/issues/236
link,1,https://github.com/cjcaf1995/stash/issues/390
link,1,https://github.com/cjcaf1995/stash/issues/360
link,1,https://github.com/cjcaf1995/stash/issues/391
link,1,https://github.com/cjcaf1995/stash/issues/382
link,1,https://github.com/cjcaf1995/stash/issues/210
link,1,https://github.com/cjcaf1995/stash/issues/135
link,1,https://github.com/cjcaf1995/stash/issues/198
link,1,https://github.com/cjcaf1995/stash/issues/397
link,1,https://github.com/cjcaf1995/stash/issues/240
link,1,https://github.com/cjcaf1995/stash/issues/173
link,1,https://github.com/cjcaf1995/stash/issues/2
link,1,https://github.com/cjcaf1995/stash/issues/217
link,1,https://github.com/cjcaf1995/stash/issues/156
link,1,https://github.com/cjcaf1995/stash/issues/189
link,1,https://github.com/cjcaf1995/stash/issues/158
link,1,https://github.com/cjcaf1995/stash/issues/282
link,1,https://github.com/cjcaf1995/stash/issues/166
link,1,https://github.com/cjcaf1995/stash/issues/374
link,1,https://github.com/cjcaf1995/stash/issues/204
link,1,https://github.com/cjcaf1995/stash/issues/413
link,1,https://github.com/cjcaf1995/stash/issues/154
link,1,https://github.com/cjcaf1995/stash/issues/219
link,1,https://github.com/cjcaf1995/stash/issues/273
link,1,https://github.com/cjcaf1995/stash/issues/263
link,1,https://github.com/cjcaf1995/stash/issues/218
link,1,https://github.com/cjcaf1995/stash/issues/183
link,1,https://github.com/cjcaf1995/stash/issues/213
link,1,https://github.com/cjcaf1995/stash/issues/359
link,1,https://github.com/cjcaf1995/stash/issues/295
link,1,https://github.com/cjcaf1995/stash/issues/326
link,1,https://github.com/cjcaf1995/stash/issues/372
link,1,https://github.com/cjcaf1995/stash/issues/340
link,1,https://github.com/cjcaf1995/stash/issues/322
link,1,https://github.com/cjcaf1995/stash/issues/420
link,1,https://github.com/cjcaf1995/stash/issues/268
link,1,https://github.com/cjcaf1995/stash/issues/124
link,1,https://github.com/cjcaf1995/stash/issues/137
link,1,https://github.com/cjcaf1995/stash/issues/371
link,1,https://github.com/cjcaf1995/stash/issues/179
link,1,https://github.com/cjcaf1995/stash/issues/388
link,1,https://github.com/cjcaf1995/stash/issues/363
link,1,https://github.com/cjcaf1995/stash/issues/357
link,1,https://github.com/cjcaf1995/stash/issues/377
link,1,https://github.com/cjcaf1995/stash/issues/287
link,1,https://github.com/cjcaf1995/stash/issues/226
link,1,https://github.com/cjcaf1995/stash/issues/417
link,1,https://github.com/cjcaf1995/stash/issues/145
link,1,https://github.com/cjcaf1995/stash/issues/403
link,1,https://github.com/cjcaf1995/stash/issues/336
link,1,https://github.com/cjcaf1995/stash/issues/257
link,1,https://github.com/cjcaf1995/stash/issues/291
link,1,https://github.com/cjcaf1995/stash/issues/366
link,1,https://github.com/cjcaf1995/stash/issues/127
link,1,https://github.com/cjcaf1995/stash/issues/315
link,1,https://github.com/cjcaf1995/stash/issues/269
link,1,https://github.com/cjcaf1995/stash/issues/415
link,1,https://github.com/cjcaf1995/stash/issues/169
link,1,https://github.com/cjcaf1995/stash/issues/344
link,1,https://github.com/cjcaf1995/stash/issues/171
link,1,https://github.com/cjcaf1995/stash/issues/159
link,1,https://github.com/cjcaf1995/stash/issues/367
link,1,https://github.com/cjcaf1995/stash/issues/385
link,1,https://github.com/cjcaf1995/stash/issues/401
link,1,https://github.com/cjcaf1995/stash/issues/200
link,1,https://github.com/cjcaf1995/stash/issues/368
link,1,https://github.com/cjcaf1995/stash/issues/225
link,1,https://github.com/cjcaf1995/stash/issues/342
link,1,https://github.com/cjcaf1995/stash/issues/243
link,1,https://github.com/cjcaf1995/stash/issues/260
link,1,https://github.com/cjcaf1995/stash/issues/338
link,1,https://github.com/cjcaf1995/stash/issues/327
link,1,https://github.com/cjcaf1995/stash/issues/244
link,1,https://github.com/cjcaf1995/stash/issues/1
link,1,https://github.com/cjcaf1995/stash/issues/267
link,1,https://github.com/cjcaf1995/stash/issues/422
link,1,https://github.com/cjcaf1995/stash/issues/409
link,1,https://github.com/cjcaf1995/stash/issues/288
link,1,https://github.com/cjcaf1995/stash/issues/177
link,1,https://github.com/cjcaf1995/stash/issues/396
link,1,https://github.com/cjcaf1995/stash/issues/258
link,1,https://github.com/cjcaf1995/stash/issues/222
link,1,https://github.com/cjcaf1995/stash/issues/223
link,1,https://github.com/cjcaf1995/stash/issues/131
link,1,https://github.com/cjcaf1995/stash/issues/294
link,1,https://github.com/cjcaf1995/stash/issues/142
link,1,https://github.com/cjcaf1995/stash/issues/175
link,1,https://github.com/cjcaf1995/stash/issues/133
link,1,https://github.com/cjcaf1995/stash/issues/208
link,1,https://github.com/cjcaf1995/stash/issues/264
link,1,https://github.com/cjcaf1995/stash/issues/144
link,1,https://github.com/cjcaf1995/stash/issues/328
link,1,https://github.com/cjcaf1995/stash/issues/132
link,1,https://github.com/cjcaf1995/stash/issues/249
link,1,https://github.com/cjcaf1995/stash/issues/160
link,1,https://github.com/cjcaf1995/stash/issues/286
link,1,https://github.com/cjcaf1995/stash/issues/358
link,1,https://github.com/cjcaf1995/stash/issues/411
link,1,https://github.com/cjcaf1995/stash/issues/277
link,1,https://github.com/cjcaf1995/stash/issues/266
link,1,https://github.com/cjcaf1995/stash/issues/331
link,1,https://github.com/cjcaf1995/stash/issues/369
link,1,https://github.com/cjcaf1995/stash/issues/128
link,1,https://github.com/cjcaf1995/stash/issues/346
link,1,https://github.com/cjcaf1995/stash/issues/350
link,1,https://github.com/cjcaf1995/stash/issues/395
link,1,https://github.com/cjcaf1995/stash/issues/302
link,1,https://github.com/cjcaf1995/stash/issues/206
link,1,https://github.com/cjcaf1995/stash/issues/126
link,1,https://github.com/cjcaf1995/stash/issues/284
link,1,https://github.com/cjcaf1995/stash/issues/123
link,1,https://github.com/cjcaf1995/stash/issues/351
link,1,https://github.com/cjcaf1995/stash/issues/157
link,1,https://github.com/cjcaf1995/stash/issues/378
link,1,https://github.com/cjcaf1995/stash/issues/253
link,1,https://github.com/cjcaf1995/stash/issues/239
link,1,https://github.com/cjcaf1995/stash/issues/323
link,1,https://github.com/cjcaf1995/stash/issues/419
link,1,https://github.com/cjcaf1995/stash/issues/192
link,1,https://github.com/cjcaf1995/stash/issues/230
link,1,https://github.com/cjcaf1995/stash/issues/384
link,1,https://github.com/cjcaf1995/stash/issues/365
link,1,https://github.com/cjcaf1995/stash/issues/319
link,1,https://github.com/cjcaf1995/stash/issues/265
link,1,https://github.com/cjcaf1995/stash/issues/389
link,1,https://github.com/cjcaf1995/stash/issues/140
link,1,https://github.com/cjcaf1995/stash/issues/276
link,1,https://github.com/cjcaf1995/stash/issues/176
link,1,https://github.com/cjcaf1995/stash/issues/289
link,1,https://github.com/cjcaf1995/stash/issues/320
link,1,https://github.com/cjcaf1995/stash/issues/136
link,1,https://github.com/cjcaf1995/stash/issues/414
link,1,https://github.com/cjcaf1995/stash/issues/261
link,1,https://github.com/cjcaf1995/stash/issues/201
link,1,https://github.com/cjcaf1995/stash/issues/254
link,1,https://github.com/cjcaf1995/stash/issues/180
link,1,https://github.com/cjcaf1995/stash/issues/375
link,1,https://github.com/cjcaf1995/stash/issues/152
link,1,https://github.com/cjcaf1995/stash/issues/421
link,1,https://github.com/cjcaf1995/stash/issues/305
link,1,https://github.com/cjcaf1995/stash/issues/214
link,1,https://github.com/cjcaf1995/stash/issues/381
link,1,https://github.com/cjcaf1995/stash/issues/364
link,1,https://github.com/cjcaf1995/stash/issues/262
link,1,https://github.com/cjcaf1995/stash/issues/211
link,1,https://github.com/cjcaf1995/stash/issues/310
link,1,https://github.com/cjcaf1995/stash/issues/301
link,1,https://github.com/cjcaf1995/stash/issues/316
link,1,https://github.com/cjcaf1995/stash/issues/335
link,1,https://github.com/cjcaf1995/stash/issues/246
link,1,https://github.com/cjcaf1995/stash/issues/356
link,1,https://github.com/cjcaf1995/stash/issues/407
link,1,https://github.com/cjcaf1995/stash/issues/209
link,1,https://github.com/cjcaf1995/stash/issues/410
link,1,https://github.com/cjcaf1995/stash/issues/299
link,1,https://github.com/cjcaf1995/stash/issues/212
link,1,https://github.com/cjcaf1995/stash/issues/412
link,1,https://github.com/cjcaf1995/stash/issues/361
link,1,https://github.com/cjcaf1995/stash/issues/238
link,1,https://github.com/cjcaf1995/stash/issues/259
link,1,https://github.com/cjcaf1995/stash/issues/279
link,1,https://github.com/cjcaf1995/stash/issues/143
link,1,https://github.com/cjcaf1995/stash/issues/216
link,1,https://github.com/cjcaf1995/stash/issues/235
link,1,https://github.com/cjcaf1995/stash/issues/139
link,1,https://github.com/cjcaf1995/stash/issues/237
link,1,https://github.com/cjcaf1995/stash/issues/387
link,1,https://github.com/cjcaf1995/stash/issues/324
link,1,https://github.com/cjcaf1995/stash/issues/199
link,1,https://github.com/cjcaf1995/stash/issues/185
link,1,https://github.com/cjcaf1995/stash/issues/191
link,1,https://github.com/cjcaf1995/stash/issues/297
link,1,https://github.com/cjcaf1995/stash/issues/182
link,1,https://github.com/cjcaf1995/stash/issues/202
link,1,https://github.com/cjcaf1995/stash/issues/147
link,1,https://github.com/cjcaf1995/stash/issues/402
link,1,https://github.com/cjcaf1995/stash/issues/141
link,1,https://github.com/cjcaf1995/stash/issues/380
link,1,https://github.com/cjcaf1995/stash/issues/215
link,1,https://github.com/cjcaf1995/stash/issues/317
link,1,https://github.com/cjcaf1995/stash/issues/274
link,1,https://github.com/cjcaf1995/stash/issues/347
link,1,https://github.com/cjcaf1995/stash/issues/256
link,1,https://github.com/cjcaf1995/stash/issues/231
link,1,https://github.com/cjcaf1995/stash/issues/418
link,1,https://github.com/cjcaf1995/stash/issues/383
link,1,https://github.com/cjcaf1995/stash/issues/241
link,1,https://github.com/cjcaf1995/stash/issues/311
link,1,https://github.com/cjcaf1995/stash/issues/404
link,1,https://github.com/cjcaf1995/stash/issues/325
