link,1,https://sktoushi.github.io/ref2409/viewer.html?&fileName=nudge-improving-decisions-about-health-wealth-and-happiness-1-311.pdf&startIdx=1&endIdx=311
link,1,https://sktoushi.github.io/su/240824-japanese-grammar-analysis.html
link,1,https://sktoushi.github.io/ref2410/viewer.html?&fileName=Principles-Dalio-Ray-1-392.pdf&startIdx=1&endIdx=392
link,1,https://looptube.io/?videoId=cq1xaqfhQBs&start=65&end=109&rate=1
link,1,https://github.com/sktoushi/stash2/blob/ref2409/240904-1350-Imports_and_Exports_and_Signaling.txt
link,1,https://looptube.io/?videoId=HJutASB20f0&start=16&end=87&rate=1
link,1,https://sktoushi.github.io/ref2409/viewer.html?&fileName=thinking-fast-and-slow-1-530.pdf&startIdx=1&endIdx=530
link,1,https://sktoushi.github.io/ref2409/viewer.html?&fileName=COMPLETE-GUIDE-TO-SELF-CULTURE-1-251.pdf&startIdx=1&endIdx=251
link,1,https://youtube.com/shorts/BZ-ylRcJm_Y?si=wrvNu9v_tVpxrDDz
link,1,https://sktoushi.github.io/su/240823-Inflation_Budget_Deficits_QnA_Randomizer.html
link,1,https://looptube.io/?videoId=HJutASB20f0&start=302&end=387&rate=1
link,1,https://github.com/sktoushi/stash2/blob/main/240923-02-procrustes.md#the-perfect-sucker
link,1,https://github.com/cjcaf1995/Cost-Accounting-FinMgt-For-Const-PMs/blob/main/Cost-Accounting-FinMgt-For-Const-PMs-97.pdf
link,1,https://github.com/cjcaf1995/stash/issues/2373
link,1,https://sktoushi.github.io/ref/viewer.html?&fileName=Gideons-Spies-The-Secret-History-of-the-Mossad-662.pdf&startIdx=1&endIdx=662
link,1,https://github.com/sktoushi/stash2/issues/124
link,1,https://github.com/cjcaf1995/code-complete/blob/main/CodeComplete_page-0869.jpg
link,1,https://sktoushi.github.io/ref/viewer.html?&fileName=The-Spy-Who-Came-in-from-the-Cold-212.pdf&startIdx=1&endIdx=212
link,1,https://sktoushi.github.io/ref/viewer.html?&fileName=Wakaru-Bijinesu-Nihongo-76-90.pdf&startIdx=1&endIdx=15
link,1,https://github.com/cjcaf1995/kanji-pictographix/blob/main/kanji-pict-o-graphix-189.pdf
link,1,https://youtube.com/shorts/rKYb2pjwW2U?si=sL_9_veoQR1q3Bc7
link,1,https://github.com/sktoushi/stash2/issues/150
link,1,https://looptube.io/?videoId=cq1xaqfhQBs&start=545&end=620&rate=1
link,1,https://github.com/sktoushi/stash2/issues/99
link,1,https://github.com/sktoushi/stash2/blob/main/240923-02-procrustes.md#they-think-that-intelligence
link,1,https://github.com/cjcaf1995/stash/issues/4392
link,1,https://sktoushi.github.io/ref/viewer.html?&fileName=Nihongo-email-no-kakikata-127-133.pdf&startIdx=1&endIdx=7
link,1,https://looptube.io/?videoId=_syDCw7t5Kk&start=238&end=272&rate=1
link,1,https://sktoushi.github.io/ref/viewer.html?&fileName=Spy-Book-The-Encyclopedia-of-Espionage-1-33.pdf&startIdx=1&endIdx=33
link,1,https://sktoushi.github.io/su/bucket.html?target=bucket-Simple-rules-how-to-succeed-in-a-complex-world
link,1,https://github.com/sktoushi/stash2/issues/190
link,1,https://sktoushi.github.io/ref2410/viewer.html?&fileName=The-Art-of-Learning-1-188.pdf&startIdx=1&endIdx=188
link,1,https://github.com/cjcaf1995/a-theory-of-justice-rawls/issues/1
link,1,https://youtube.com/shorts/cCjTS1-EeLQ?si=ht5m3bRbR-FK7KBY
link,1,https://looptube.io/?videoId=Vlcmr36tCoE&start=263&end=335&rate=1
link,1,https://github.com/cjcaf1995/Project-Management-ToolBox/blob/main/Project%20Management%20ToolBox-446.pdf
link,1,https://www.instagram.com/reel/C---yizSc5q/?utm_source=ig_web_copy_link
link,1,https://github.com/cjcaf1995/stash/issues/505
link,1,https://github.com/cjcaf1995/PMP-guide2/blob/main/PMP-guide2-195.pdf
link,1,https://looptube.io/?videoId=z6AMAIxEOBQ&start=527&end=560&rate=1
link,1,https://sktoushi.github.io/ref/viewer.html?&fileName=Spy-Book-The-Encyclopedia-of-Espionage-397-429.pdf&startIdx=1&endIdx=33
link,1,https://takoboto.jp/?w=2701420
link,1,https://looptube.io/?videoId=HJutASB20f0&start=470&end=516&rate=1
link,1,https://sktoushi.github.io/ref/viewer.html?&fileName=Spycraft-Manual-The-Insider's-Guide-to-Espionage-Techniques-101-120.pdf&startIdx=1&endIdx=20
link,1,https://sktoushi.github.io/su/240823-Pricing_Strategies_QnA_Randomizer.html
link,1,https://sktoushi.github.io/ref2409/viewer.html?&fileName=History-of-Western-Philosophy-1-955.pdf&startIdx=1&endIdx=955
link,1,https://looptube.io/?videoId=686ztUBxG4g&start=232&end=265&rate=1
link,1,https://sktoushi.github.io/ref/viewer.html?&fileName=Mafia-Brotherhoods-Organized-Crime-Italian-Style.pdf&startIdx=1&endIdx=313
link,1,https://sktoushi.github.io/ref2410/viewer.html?&fileName=dokumen.pub_range-why-generalists-triumph-in-a-specialized-1-333.pdf&startIdx=1&endIdx=333
link,1,https://youtube.com/shorts/RXyIi_mMFRk?si=ztDF-YAeITHzedKh
link,1,https://github.com/cjcaf1995/redirect0915/issues/4
link,1,https://www.instagram.com/reel/C5gTMUGAEBy/?igsh=NzB4MHRkcGR0cWFk
link,1,https://sktoushi.github.io/ref/viewer.html?&fileName=Practical-Business-Japanese-71-80.pdf&startIdx=1&endIdx=10
link,1,https://sktoushi.github.io/ref/viewer.html?&fileName=Spycraft-Manual-The-Insider's-Guide-to-Espionage-Techniques-141-160.pdf&startIdx=1&endIdx=20
link,1,https://looptube.io/?videoId=jZdsGxZuxCM&start=818&end=857&rate=1
link,1,https://looptube.io/?videoId=686ztUBxG4g&start=98&end=140&rate=1
link,1,https://sktoushi.github.io/ref2409/viewer.html?&fileName=Buyology-Truth-and-Lies-About-Why-We-Buy-1-83.pdf&startIdx=1&endIdx=83
link,1,https://sktoushi.github.io/ref2409/viewer.html?&fileName=incerto-nassim-995-1136.pdf&startIdx=1&endIdx=142
link,1,https://looptube.io/?videoId=HJutASB20f0&start=387&end=470&rate=1
link,1,https://sktoushi.github.io/ref/viewer.html?&fileName=as-a-man-thinketh-1-52.pdf&startIdx=1&endIdx=52
link,1,https://github.com/cjcaf1995/Business-Analysis-Methodology-Lean/blob/main/Business-Analysis-Methodology-Lean-44.pdf
link,1,https://sktoushi.github.io/ref/viewer.html?&fileName=Nihongo-email-no-kakikata-106-112.pdf&startIdx=1&endIdx=7
link,1,https://sktoushi.github.io/ref2409/viewer.html?&fileName=futures-finance-401-600.pdf&startIdx=1&endIdx=200
link,1,https://github.com/sktoushi/stash2/issues/75
link,1,https://github.com/sktoushi/so-good-they-cant-ignore-you/issues/1
link,1,https://github.com/sktoushi/stash2/issues/300
link,1,https://github.com/sktoushi/stash2/blob/main/2409-456.md#2-house-shopping-example
link,1,https://github.com/cjcaf1995/stash/issues/299
link,1,https://github.com/sktoushi/stash2/issues/100
link,1,https://github.com/sktoushi/stash2/issues/126
link,1,https://looptube.io/?videoId=cq1xaqfhQBs&start=372&end=481&rate=1
link,1,https://sktoushi.github.io/ref/viewer.html?&fileName=Nihongo-email-no-kakikata-120-126.pdf&startIdx=1&endIdx=7
link,1,https://github.com/cjcaf1995/public-repo/issues/1629
link,1,https://github.com/sktoushi/stash2/blob/main/240923-02-gt.md#4.3-bayesian-equilibrium
link,1,https://github.com/sktoushi/finetuning0915/issues/22
link,1,https://github.com/cjcaf1995/elon-musk/blob/main/Elon-Musk-Walter-Isaacson-251.pdf
link,1,https://github.com/cjcaf1995/stash/issues/2822
link,1,https://sktoushi.github.io/ref/viewer.html?&fileName=Shin-kanzen-masuta-bunpo-n3-53-56.pdf&startIdx=1&endIdx=4
link,1,https://github.com/sktoushi/stash2/issues/263
link,1,https://github.com/cjcaf1995/5smeaning0915-five-star/issues/39
link,1,https://looptube.io/?videoId=cq1xaqfhQBs&start=16&end=65&rate=1
link,1,https://github.com/cjcaf1995/Strategy-Game-Theory/blob/main/Strategy-Game-Theory-363.pdf
link,1,https://github.com/cjcaf1995/greene-mix/blob/main/48-laws-of-power-040.jpg
link,1,https://github.com/sktoushi/stash2/issues/159
link,1,https://sktoushi.github.io/ref2409/viewer.html?&fileName=incerto-nassim-427-568.pdf&startIdx=1&endIdx=142
link,1,https://sktoushi.github.io/ref/viewer.html?&fileName=Practical-Business-Japanese-141-150.pdf&startIdx=1&endIdx=10
link,1,https://github.com/cjcaf1995/elon-musk/issues/1
link,1,https://github.com/sktoushi/Psych-Skills-Influence-People-Mind-Control-NLP/blob/main/Psych-Skills-Influence-People-Mind-Control-NLP-117.pdf
link,1,https://sktoushi.github.io/ref/viewer.html?&fileName=nihongo-n1-bunpou-76-90.pdf&startIdx=1&endIdx=15
link,1,https://sktoushi.github.io/ref2409/viewer.html?&fileName=incerto-nassim-1-142.pdf&startIdx=1&endIdx=142
link,1,https://looptube.io/?videoId=Vlcmr36tCoE&start=16&end=80&rate=1
link,1,https://github.com/sktoushi/stash2/issues/71
link,1,https://github.com/cjcaf1995/The-Basics-of-Finance/blob/main/The%20Basics%20of%20Finance_page-0256.jpg
link,1,https://looptube.io/?videoId=z6AMAIxEOBQ&start=257&end=295&rate=1
link,1,https://github.com/cjcaf1995/Scrum-Pocket-Guide/issues/1
link,1,https://sktoushi.github.io/ref/viewer.html?&fileName=Spy-Book-The-Encyclopedia-of-Espionage-100-132.pdf&startIdx=1&endIdx=33
link,1,https://sktoushi.github.io/ref2409/viewer.html?&fileName=korean-words-phrases-1-85.pdf&startIdx=1&endIdx=85
link,1,https://sktoushi.github.io/ref2409/viewer.html?&fileName=Tractatus-Logico-Philosophicus.pdf&startIdx=1&endIdx=173
link,1,https://sktoushi.github.io/ref/viewer.html?&fileName=Spycraft-Manual-The-Insider's-Guide-to-Espionage-Techniques-121-140.pdf&startIdx=1&endIdx=20
link,1,https://github.com/sktoushi/stash2/blob/main/240923-02-procrustes.md#in-the-medical-and-social-domains
link,1,https://github.com/sktoushi/stash2/blob/main/240923-02-gt.md#6-advanced-topics-in-game-theory
link,1,https://sktoushi.github.io/ref2409/viewer.html?&fileName=the-art-of-thinking-clearly-1-225.pdf&startIdx=1&endIdx=225
link,1,https://github.com/cjcaf1995/a-theory-of-justice-rawls/blob/main/a-theory-of-justice-rawls-515.pdf
link,1,https://youtube.com/shorts/5NjcrSpMyYM?si=u99PIESHUZMzZrzH
link,1,https://sktoushi.github.io/ref/viewer.html?&fileName=preventing-money-laundering-and-terrorist-financing-1-304.pdf&startIdx=1&endIdx=304
link,1,https://github.com/sktoushi/stash2/issues/84
link,1,https://github.com/sktoushi/stash2/issues/132
link,1,https://sktoushi.github.io/ref/viewer.html?&fileName=Spy-Book-The-Encyclopedia-of-Espionage-562-594.pdf&startIdx=1&endIdx=33
link,1,https://www.instagram.com/reel/C-o0fzwyEbO/?igsh=MXJlMTdoOGV6NjBxbg==
link,1,https://sktoushi.github.io/ref/viewer.html?&fileName=the-complete-art-of-war-1-1138.pdf&startIdx=1&endIdx=1138
link,1,https://looptube.io/?videoId=JiLa3tBXlpY&start=16&end=72&rate=1
link,1,https://sktoushi.github.io/ref2409/viewer.html?&fileName=strategy-381-768.pdf&startIdx=1&endIdx=388
link,1,https://sktoushi.github.io/ref2409/viewer.html?&fileName=futures-finance-601-723.pdf&startIdx=1&endIdx=223
link,1,https://github.com/cjcaf1995/public-repo/issues/871
link,1,https://github.com/cjcaf1995/stash/issues/4372
link,1,https://www.instagram.com/reel/C_lo7GuPy2b/?igsh=MTN0ZDFxZjMxdzh2dQ==
link,1,https://github.com/cjcaf1995/Project-Life-Cycle-Economics/blob/main/Project-Life-Cycle-Economics-361.pdf
link,1,https://github.com/sktoushi/Greek-and-Roman-Mythology-A-to-Z/issues/1
link,1,https://sktoushi.github.io/ref/viewer.html?&fileName=Shin-kanzen-masuta-bunpo-n3-137-140.pdf&startIdx=1&endIdx=4
link,1,https://github.com/cjcaf1995/aquinas-mix/issues/1
link,1,https://github.com/sktoushi/stash2/blob/main/240923-02-gt.md#2.3-payoff
link,1,https://looptube.io/?videoId=686ztUBxG4g&start=412&end=471&rate=1
link,1,https://github.com/cjcaf1995/a-theory-of-justice-rawls/blob/main/a-theory-of-justice-rawls-247.pdf
link,1,https://github.com/cjcaf1995/games-of-strategy-dixit/blob/main/games-of-strategy-dixit-204.pdf
link,1,https://sktoushi.github.io/ref2409/viewer.html?&fileName=incerto-nassim-143-284.pdf&startIdx=1&endIdx=142
link,1,https://sktoushi.github.io/ref/viewer.html?&fileName=Wakaru-Bijinesu-Nihongo-31-45.pdf&startIdx=1&endIdx=15
link,1,https://sktoushi.github.io/ref/viewer.html?&fileName=Encyclopedia-of-Cold-War-Espionage-Spies-and-Secret-Operations-603.pdf&startIdx=1&endIdx=603
link,1,https://github.com/sktoushi/stash2/issues/112
link,1,https://github.com/sktoushi/stash2/issues/95
link,1,https://sktoushi.github.io/su/240823-Immiserizing_Growth_QnA_Randomizer.html
link,1,https://github.com/sktoushi/stash2/issues/47
link,1,https://github.com/cjcaf1995/redirect0915/issues/5
link,1,https://sktoushi.github.io/ref2410/viewer.html?&fileName=Measure-What-Matters-John-Doerr-1-276.pdf&startIdx=1&endIdx=276
link,1,https://looptube.io/?videoId=HJutASB20f0&start=87&end=155&rate=1
link,1,https://github.com/sktoushi/stash2/blob/ref2409/240904-1350-Final_Retirement_Plan_and_Signaling.txt
link,1,https://sktoushi.github.io/ref/viewer.html?&fileName=nihongo-sou-matome-n2-43-49.pdf&startIdx=1&endIdx=7
link,1,https://sktoushi.github.io/ref/viewer.html?&fileName=Nihongo-email-no-kakikata-99-105.pdf&startIdx=1&endIdx=7
link,1,https://github.com/cjcaf1995/resorts-management-and-operation/issues/1
link,1,https://sktoushi.github.io/ref2409/viewer.html?&fileName=manual-of-politeness-1-83.pdf&startIdx=1&endIdx=83
link,1,https://sktoushi.github.io/ref/viewer.html?&fileName=Shin-kanzen-masuta-bunpo-n3-25-28.pdf&startIdx=1&endIdx=4
link,1,https://github.com/cjcaf1995/The-Art-of-Scrum-How-Scrum-Masters-Bind-Dev-Teams/issues/1
link,1,https://github.com/cjcaf1995/influence-cialdini/blob/main/Influence%20The%20Psychology%20of%20Persuasion_page-0194.jpg
link,1,https://github.com/sktoushi/stash2/issues/127
link,1,https://github.com/cjcaf1995/code-complete/issues/1
link,1,https://looptube.io/?videoId=SgmIF79_ppk&start=235&end=265&rate=1
link,1,https://github.com/sktoushi/The-Secrets-of-Your-Handwriting/blob/main/The-Secrets-of-Your-Handwriting-87.pdf
link,1,https://sktoushi.github.io/ref/viewer.html?&fileName=The-Last-Testament-of-Lucky-Luciano-The-Mafia-Story-in-His-Own-Words.pdf&startIdx=1&endIdx=434
link,1,https://github.com/sktoushi/stash2/blob/main/240923-02-procrustes.md#knowledge-is-subtractive
link,1,https://github.com/sktoushi/stash2/issues/304
link,1,https://looptube.io/?videoId=JiLa3tBXlpY&start=403&end=501&rate=1
link,1,https://github.com/cjcaf1995/Keynes_-Philosophy-Economics-and-Politics-P2/issues/1
link,1,https://sktoushi.github.io/su/240824-japanese_sentence_analysis.html
link,1,https://sktoushi.github.io/ref2409/viewer.html?&fileName=Understanding-Consumer-Behaviour1-326.pdf&startIdx=1&endIdx=326
link,1,https://github.com/sktoushi/n1-power-drill/issues/1
link,1,https://github.com/sktoushi/stash2/issues/81
link,1,https://sktoushi.github.io/ref/viewer.html?&fileName=nihongo-sou-matome-n2-92-98.pdf&startIdx=1&endIdx=7
link,1,https://www.instagram.com/reel/C_m1UECiXXV/?igsh=MWtheW9odXd6czhvMw==
link,1,https://sktoushi.github.io/ref/viewer.html?&fileName=Practical-Business-Japanese-91-100.pdf&startIdx=1&endIdx=10
link,1,https://sktoushi.github.io/ref/viewer.html?&fileName=A-Legacy-of-Spies-A-Novel-184.pdf&startIdx=1&endIdx=184
link,1,https://github.com/cjcaf1995/stash/issues/4405
link,1,https://sktoushi.github.io/ref/viewer.html?&fileName=Shin-kanzen-masuta-bunpo-n3-81-84.pdf&startIdx=1&endIdx=4
link,1,https://github.com/cjcaf1995/Strategy-Game-Theory/blob/main/Strategy-Game-Theory-101.pdf
link,1,https://github.com/sktoushi/stash2/blob/ref2409/business_meetings.txt
link,1,https://github.com/cjcaf1995/hitchhikers-guide/issues/1
link,1,https://github.com/sktoushi/subliminal-psychology/blob/main/subliminal-psychology-33.pdf
link,1,https://github.com/cjcaf1995/the-toyota-way/issues/1
link,1,https://sktoushi.github.io/ref/viewer.html?&fileName=Practical-Business-Japanese-61-70.pdf&startIdx=1&endIdx=10
link,1,https://sktoushi.github.io/ref/viewer.html?&fileName=think-like-a-ux-researcher-1-307.pdf&startIdx=1&endIdx=307
link,1,https://github.com/sktoushi/stash2/issues/117
link,1,https://www.instagram.com/reel/C-lHYBFCkIN/?igsh=MWRpNW4xaXI5eDVpaQ==
link,1,https://looptube.io/?videoId=0gWrsF2v7RU&start=258&end=323&rate=1
link,1,https://github.com/sktoushi/stash2/issues/50
link,1,https://github.com/cjcaf1995/Principles-of-Agricultural-Economics/blob/main/Principles%20of%20Agricultural%20Economics_page-0244.jpg
link,1,https://github.com/cjcaf1995/Fundamentals-of-Evo-Game-Theory/issues/1
link,1,https://github.com/cjcaf1995/tae-kim-grammar-guide/blob/main/tae-kim-grammar-guide-282.pdf
link,1,https://sktoushi.github.io/ref2409/viewer.html?&fileName=why-we-buy-1-100.pdf&startIdx=1&endIdx=100
link,1,https://sktoushi.github.io/ref/viewer.html?&fileName=nihongo-sou-matome-n2-1-7.pdf&startIdx=1&endIdx=7
link,1,https://sktoushi.github.io/ref/viewer.html?&fileName=attraction-isnt-a-choice.pdf&startIdx=1&endIdx=169
link,1,https://youtube.com/shorts/dm6KBPJCa1o?si=DRjZvCY7NqPUBs8c
link,1,https://github.com/sktoushi/stash2/issues/58
link,1,https://github.com/cjcaf1995/capital-markets-financial-management/issues/1
link,1,https://sktoushi.github.io/ref/viewer.html?&fileName=Practical-Business-Japanese-131-140.pdf&startIdx=1&endIdx=10
link,1,https://sktoushi.github.io/ref/viewer.html?&fileName=color-a-natural-history-of-the-palette-1-132.pdf&startIdx=1&endIdx=132
link,1,https://sktoushi.github.io/ref2410/viewer.html?&fileName=AtulGawandeTheChecklistManifestoHowToGetThingsRight-1-223.pdf&startIdx=1&endIdx=223
link,1,https://github.com/sktoushi/stash2/blob/main/2409-01%20Antifragile.md#2-skin-in-the-game-no-not-that-kind
link,1,https://github.com/cjcaf1995/Agile-Project-Management/issues/1
link,1,https://sktoushi.github.io/ref/viewer.html?&fileName=Work-like-a-Spy-business-tips-from-a-Former-CIA-Officer-171.pdf&startIdx=1&endIdx=171
link,1,https://github.com/cjcaf1995/games-of-strategy-dixit/blob/main/games-of-strategy-dixit-518.pdf
link,1,https://github.com/cjcaf1995/pmbok6/issues/10
link,1,https://sktoushi.github.io/ref/viewer.html?&fileName=Nihongo-email-no-kakikata-8-14.pdf&startIdx=1&endIdx=7
link,1,https://github.com/sktoushi/critical-thinking-consider-the-verdict/blob/main/critical-thinking-consider-the-verdict-344.pdf
link,1,https://github.com/sktoushi/stash2/issues/147
link,1,https://github.com/sktoushi/stash2/blob/ref2409/dispute_resolution.txt
link,1,https://looptube.io/?videoId=jZdsGxZuxCM&start=195&end=247&rate=1
link,1,https://www.instagram.com/reel/C_iyOCTvJml/?igsh=OXE0dWp1ZHdrMXA0
link,1,https://github.com/sktoushi/stash2/issues/8
link,1,https://github.com/sktoushi/stash2/blob/main/240923-02-gt.md#3.3-perfect-vs-imperfect-information-games
link,1,https://sktoushi.github.io/ref2409/viewer.html?&fileName=futures-finance-201-400.pdf&startIdx=1&endIdx=200
link,1,https://github.com/cjcaf1995/Scrum-twice-in-half-time/issues/1
link,1,https://www.instagram.com/reel/C_EGFhtSQHr/?igsh=NjcxanN4dGY1NmI2
link,1,https://github.com/cjcaf1995/art-of-strategy/issues/1
link,1,https://github.com/sktoushi/stash2/blob/main/2409-01%20Antifragile.md#4-optionality-your-best-fucking-friend
link,1,https://github.com/cjcaf1995/The-Art-of-Scrum-How-Scrum-Masters-Bind-Dev-Teams/blob/main/The-Art-of-Scrum-How-Scrum-Masters-Bind-Dev-Teams-58.pdf
link,1,https://sktoushi.github.io/ref2409/viewer.html?&fileName=Japanese-approach-to-learning-Japanese-grammar-1-497.pdf&startIdx=1&endIdx=497
link,1,https://sktoushi.github.io/ref/viewer.html?&fileName=nihongo-sou-matome-n2-127-133.pdf&startIdx=1&endIdx=7
link,1,https://github.com/sktoushi/critical-thinking-consider-the-verdict/blob/main/critical-thinking-consider-the-verdict-71.pdf
link,1,https://sktoushi.github.io/ref/viewer.html?&fileName=Spycraft-Manual-The-Insider's-Guide-to-Espionage-Techniques-61-80.pdf&startIdx=1&endIdx=20
link,1,https://github.com/sktoushi/stash2/issues/88
link,1,https://github.com/cjcaf1995/history-of-economic-thought/issues/1
link,1,https://github.com/sktoushi/stash2/blob/ref2409/240904-1350-Contracts_and_Signaling.txt
link,1,https://github.com/sktoushi/subliminal-psychology/blob/main/subliminal-psychology-27.pdf
link,1,https://github.com/sktoushi/stash2/issues/78
link,1,https://github.com/cjcaf1995/Agile-Processes/blob/main/Agile-Processes-42.pdf
link,1,https://looptube.io/?videoId=z6AMAIxEOBQ&start=560&end=620&rate=1
link,1,https://github.com/cjcaf1995/stash/issues/2211
link,1,https://sktoushi.github.io/su/20240824-DenominatorNeglect.html
link,1,https://github.com/cjcaf1995/The-Professional-Product-Owner-Leveraging-Scrum/issues/1
link,1,https://github.com/cjcaf1995/Scrum-For-Dummies/issues/1
link,1,https://github.com/cjcaf1995/Strategy-Game-Theory/issues/1
link,1,https://github.com/sktoushi/stash2/issues/39
link,1,https://github.com/sktoushi/stash2/blob/main/240923-02-procrustes.md#since-plato-western-thought-and-the-theory-of-knowledge
link,1,https://github.com/sktoushi/stash2/issues/104
link,1,https://github.com/sktoushi/stash2/blob/ref2409/real_estate_deals.txt
link,1,https://sktoushi.github.io/su/240824-Japanese_Grammar_Analysis.html
link,1,https://looptube.io/?videoId=686ztUBxG4g&start=343&end=412&rate=1
link,1,https://sktoushi.github.io/su/240823-Financial_Concepts_QnA_Randomizer.html
link,1,https://sktoushi.github.io/ref/viewer.html?&fileName=Spy-the-Lie-Former-CIA-Officers-Teach-You-How-to-Detect-Deception-162.pdf&startIdx=1&endIdx=162
link,1,https://sktoushi.github.io/ref/viewer.html?&fileName=Shin-kanzen-masuta-bunpo-n3-153-156.pdf&startIdx=1&endIdx=4
link,1,https://github.com/cjcaf1995/stash/issues/3012
link,1,https://www.instagram.com/reel/C9Sm_KWpqgJ/?igsh=MXppNDBrN2o5eDcw
link,1,https://looptube.io/?videoId=z6AMAIxEOBQ&start=400&end=527&rate=1
link,1,https://github.com/sktoushi/stash2/blob/main/240923-02-gt.md#6.2-repeated-games
link,1,https://sktoushi.github.io/ref2409/viewer.html?&fileName=incerto-nassim-853-994.pdf&startIdx=1&endIdx=142
link,1,https://github.com/sktoushi/The-Secrets-of-Your-Handwriting/issues/1
link,1,https://github.com/cjcaf1995/redirect0915/issues/6
link,1,https://github.com/sktoushi/buzan-tony-speed-memory/issues/1
link,1,https://github.com/sktoushi/the-essential-rumi/issues/1
link,1,https://youtube.com/shorts/lPVvFOCq7Wg?si=edQtiy77v38DOvuH
link,1,https://github.com/sktoushi/stash2/blob/main/2409-03-challenger.md#1-prelude-to-a-disaster
link,1,https://github.com/sktoushi/stash2/blob/ref2409/imports_exports.txt
link,1,https://github.com/cjcaf1995/International-Economics/issues/1
link,1,https://www.instagram.com/reel/C_ajxx7iABc/?igsh=c3lmNWoxdDQ1YXhx
link,1,https://sktoushi.github.io/ref/viewer.html?&fileName=Spy-Book-The-Encyclopedia-of-Espionage-463-495.pdf&startIdx=1&endIdx=33
link,1,https://github.com/sktoushi/stash2/blob/ref2409/witness_protection.txt
link,1,https://github.com/cjcaf1995/knowledge-bank/issues/319
link,1,https://github.com/sktoushi/stash2/issues/120
link,1,https://github.com/cjcaf1995/The-Lean-Six-Sigma-Black-Belt-Handbook/issues/1
link,1,https://github.com/sktoushi/stash2/blob/ref2409/240904-1350-Banking_Services_and_Signaling.txt
link,1,https://github.com/sktoushi/stash2/issues/339
link,1,https://sktoushi.github.io/ref2410/viewer.html?&fileName=Sapiens-A-Brief-History-of-Humankind-1-439.pdf&startIdx=1&endIdx=439
link,1,https://www.instagram.com/reel/C-2jawZoE0p/?igsh=Z3kzdXhqdjlkYmJz
link,1,https://sktoushi.github.io/ref/viewer.html?&fileName=how-to-win-friends-and-influence-people-1-215.pdf&startIdx=1&endIdx=215
link,1,https://github.com/cjcaf1995/stash/issues/376
link,1,https://looptube.io/?videoId=0gWrsF2v7RU&start=84&end=203&rate=1
link,1,https://sktoushi.github.io/ref/viewer.html?&fileName=the-seven-principles-for-making-marriage-work.pdf&startIdx=1&endIdx=282
link,1,https://looptube.io/?videoId=Vlcmr36tCoE&start=491&end=525&rate=1
link,1,https://github.com/sktoushi/stash2/issues/107
link,1,https://takoboto.jp/?w=1254260
link,1,https://www.youtube.com/shorts/TNiC0ua1Rhc
link,1,https://github.com/sktoushi/Personality-Profile-Through-Handwriting-Analysis-/issues/1
link,1,https://github.com/sktoushi/stash2/issues/106
link,1,https://sktoushi.github.io/ref/viewer.html?&fileName=Nihongo-email-no-kakikata-36-42.pdf&startIdx=1&endIdx=7
link,1,https://sktoushi.github.io/ref2409/viewer.html?&fileName=noise-a-flaw-in-human-judgment-1-373.pdf&startIdx=1&endIdx=373
link,1,https://github.com/sktoushi/stash2/issues/118
link,1,https://sktoushi.github.io/ref/viewer.html?&fileName=The-Central-Intelligence-Agency-An-Encyclopedia-of-Covert-Ops-Intelligence-Gathering-and-Spies-963.pdf&startIdx=1&endIdx=963
link,1,https://github.com/sktoushi/stash2/blob/ref2409/contracts.txt
link,1,https://github.com/cjcaf1995/macroeconomics/issues/1
link,1,https://sktoushi.github.io/ref/viewer.html?&fileName=japanese-reading-59-117.pdf&startIdx=1&endIdx=58
link,1,https://looptube.io/?videoId=686ztUBxG4g&start=140&end=191&rate=1
link,1,https://github.com/sktoushi/stash2/blob/main/240923-02-gt.md#4-equilibrium-concepts
link,1,https://looptube.io/?videoId=jZdsGxZuxCM&start=506&end=576&rate=1
link,1,https://github.com/sktoushi/stash2/issues/377
link,1,https://github.com/sktoushi/stash2/issues/54
link,1,https://github.com/sktoushi/stash2/issues/53
link,1,https://github.com/cjcaf1995/steve-jobs/blob/main/Steve%20Jobs-By-Walter-Isaacson-127.pdf
link,1,https://looptube.io/?videoId=_syDCw7t5Kk&start=335&end=360&rate=1
link,1,https://github.com/cjcaf1995/listening/blob/main/Screen_Recording_20240715_072813_Chrome.mp4
link,1,https://sktoushi.github.io/ref/viewer.html?&fileName=Shin-kanzen-masuta-bunpo-n3-93-96.pdf&startIdx=1&endIdx=4
link,1,https://sktoushi.github.io/ref/viewer.html?&fileName=Shin-kanzen-masuta-bunpo-n3-73-76.pdf&startIdx=1&endIdx=4
link,1,https://github.com/sktoushi/stash2/issues/41
link,1,https://github.com/sktoushi/stash2/blob/main/2409-01%20Antifragile.md#5-tldr
link,1,https://sktoushi.github.io/ref2410/viewer.html?&fileName=angela-duckworth-grit-1-267.pdf&startIdx=1&endIdx=267
link,1,https://sktoushi.github.io/ref2409/viewer.html?&fileName=the-black-swan-the-impact-of-the-highly-improbable-1-401.pdf&startIdx=1&endIdx=401
link,1,https://sktoushi.github.io/ref/viewer.html?&fileName=nihongo-sou-matome-n2-29-35.pdf&startIdx=1&endIdx=7
link,1,https://github.com/cjcaf1995/Elements-of-Mercantile-Law/blob/main/Elements-of-Mercantile-Law_page-0318.jpg
link,1,https://sktoushi.github.io/ref2409/viewer.html?&fileName=Brandwashed-Tricks-Companies-Use-to-Manipulate-Our-Minds-and-Persuade-Us-to-Buy-1-321.pdf&startIdx=1&endIdx=321
link,1,https://github.com/cjcaf1995/art-of-strategy/blob/main/art-of-strategy-175.pdf
link,1,https://github.com/sktoushi/stash2/issues/90
link,1,https://github.com/sktoushi/stash2/issues/86
link,1,https://github.com/cjcaf1995/The-Basics-of-Finance/blob/main/The%20Basics%20of%20Finance_page-0373.jpg
link,1,https://sktoushi.github.io/ref/viewer.html?&fileName=nihongo-sou-matome-n2-113-119.pdf&startIdx=1&endIdx=7
link,1,https://github.com/sktoushi/reading-people/issues/1
link,1,https://sktoushi.github.io/ref/viewer.html?&fileName=nihongo-sou-matome-n2-85-91.pdf&startIdx=1&endIdx=7
link,1,https://github.com/cjcaf1995/Guide-Scrum-Agile-Certification/issues/1
link,1,https://sktoushi.github.io/ref/viewer.html?&fileName=japanese-reading-1-58.pdf&startIdx=1&endIdx=58
link,1,https://github.com/cjcaf1995/warren-buffett-way/blob/main/R%20G%20Hagstrom%20-%20The%20Warren%20Buffett%20Way_page-0111.jpg
link,1,https://sktoushi.github.io/ref/viewer.html?&fileName=the-looting-machine-warlords-oligarchs-corporations-smugglers-1-350.pdf&startIdx=1&endIdx=350
link,1,https://sktoushi.github.io/ref/viewer.html?&fileName=Shin-kanzen-masuta-bunpo-n3-49-52.pdf&startIdx=1&endIdx=4
link,1,https://sktoushi.github.io/ref/viewer.html?&fileName=Wakaru-Bijinesu-Nihongo-1-15.pdf&startIdx=1&endIdx=15
link,1,https://github.com/cjcaf1995/warren-buffett-way/issues/1
link,1,https://looptube.io/?videoId=z6AMAIxEOBQ&start=323&end=400&rate=1
link,1,https://sktoushi.github.io/ref/viewer.html?&fileName=nihongo-n1-bunpou-1-15.pdf&startIdx=1&endIdx=15
link,1,https://github.com/cjcaf1995/stash/issues/1636
link,1,https://sktoushi.github.io/ref/viewer.html?&fileName=nihongo-n1-bunpou-16-30.pdf&startIdx=1&endIdx=15
link,1,https://youtube.com/shorts/1CfLgMKwR0k?si=jwbhpy6d-wsHwd7_
link,1,https://sktoushi.github.io/su/240824-Quality_Management.html
link,1,https://sktoushi.github.io/su/traverse0915-pdf.html?repository=games-of-strategy-dixit&blob=games-of-strategy-dixit-&startIndex=26&endIndex=734
link,1,https://github.com/sktoushi/stash2/issues/82
link,1,https://sktoushi.github.io/ref/viewer.html?&fileName=nihongo-n1-bunpou-31-45.pdf&startIdx=1&endIdx=15
link,1,https://looptube.io/?videoId=686ztUBxG4g&start=265&end=292&rate=1
link,1,https://github.com/sktoushi/deep-work/issues/1
link,1,https://youtube.com/shorts/QQ3jxR4JfCc?si=CEtnTnSVDt-LIT9C
link,1,https://sktoushi.github.io/ref/viewer.html?&fileName=Shin-kanzen-masuta-bunpo-n3-175-179.pdf&startIdx=1&endIdx=4
link,1,https://github.com/cjcaf1995/Strategy-Game-Theory/blob/main/Strategy-Game-Theory-179.pdf
link,1,https://github.com/sktoushi/stash2/issues/248
link,1,https://github.com/sktoushi/stash2/issues/122
link,1,https://raw.githubusercontent.com/cjcaf1995/Strategy-Game-Theory/refs/heads/main/Strategy-Game-Theory-363.pdf?token=GHSAT0AAAAAACXF44YT3VGNUB2F5NUTPTIGZXIXKHQ
link,1,https://youtube.com/shorts/i1rmvL0GKAI?si=LkA8Ubx6025EyStS
link,1,https://en.wikipedia.org/wiki/Special:Random
link,1,https://sktoushi.github.io/ref/viewer.html?&fileName=Practical-Business-Japanese-31-40.pdf&startIdx=1&endIdx=10
link,1,https://github.com/cjcaf1995/Project-Management-ToolBox/issues/1
link,1,https://sktoushi.github.io/ref/viewer.html?&fileName=Shin-kanzen-masuta-bunpo-n3-180-183.pdf&startIdx=1&endIdx=4
link,1,https://github.com/cjcaf1995/MAPPING-AGILE-PROJECT-MANAGEMENT-PRACTICES/issues/1
link,1,https://github.com/sktoushi/critical-thinking-consider-the-verdict/issues/1
link,1,https://looptube.io/?videoId=cq1xaqfhQBs&start=148&end=201&rate=1
link,1,https://sktoushi.github.io/ref/viewer.html?&fileName=nihongo-n1-bunpou-121-135.pdf&startIdx=1&endIdx=15
link,1,https://github.com/cjcaf1995/Games-and-Information/blob/main/Games-and-Information-364.pdf
link,1,https://sktoushi.github.io/ref2410/viewer.html?&fileName=Drive-the-Surprising-Truth-about-What-Motivates-Us-1-149.pdf&startIdx=1&endIdx=149
link,1,https://youtube.com/shorts/XkBAppC_Me8?si=Ijcgj2oDq29x-LxB
link,1,https://youtube.com/shorts/w7ESsxl2IzM?si=3__Ubj_rywHJfSOk
link,1,https://youtube.com/shorts/apb8s-QKR8M?si=acssph9pHXYB7OhE
link,1,https://www.instagram.com/reel/C_odwQEg4Lj/?igsh=ZXZnbjZ3ODNwN2x1
link,1,https://github.com/cjcaf1995/Principles-of-Agricultural-Economics/blob/main/Principles%20of%20Agricultural%20Economics_page-0312.jpg
link,1,https://looptube.io/?videoId=z6AMAIxEOBQ&start=194&end=257&rate=1
link,1,https://github.com/cjcaf1995/games-of-strategy-dixit/blob/main/games-of-strategy-dixit-385.pdf
link,1,https://sktoushi.github.io/ref/viewer.html?&fileName=anti-money-laundering-in-a-nutshell-1-190.pdf&startIdx=1&endIdx=190
link,1,https://sktoushi.github.io/ref2410/viewer.html?&fileName=Atomic-habits-1-256.pdf&startIdx=1&endIdx=256
link,1,https://sktoushi.github.io/su/bucket.html?target=bucket-mathematicians-delight-p2
link,1,https://sktoushi.github.io/ref/viewer.html?&fileName=Spy-Book-The-Encyclopedia-of-Espionage-133-165.pdf&startIdx=1&endIdx=33
link,1,https://github.com/cjcaf1995/capital-markets-financial-management/blob/main/Capital%20Markets,%20Financial%20Management_page-0133.jpg
link,1,https://github.com/sktoushi/The-Complete-Guide-to-Japanese-Kanji/issues/1
link,1,https://sktoushi.github.io/ref/viewer.html?&fileName=Spy-Book-The-Encyclopedia-of-Espionage-628-660.pdf&startIdx=1&endIdx=33
link,1,https://github.com/cjcaf1995/PM-Prince2/blob/main/Prince2%20PM-233.pdf
link,1,https://www.instagram.com/reel/C_nvArQKH6Y/?igsh=Z3Y0aXpjcXphNHJ6
link,1,https://youtube.com/shorts/LmevZs3YxwU?si=vgb2vN6ANjpq92yB
link,1,https://github.com/cjcaf1995/stash/issues/4394
link,1,https://www.youtube.com/playlist?list=PLKeSkVQhqoOpwmop09tahyGF23UtrKUqQ
link,1,https://sktoushi.github.io/ref/viewer.html?&fileName=Shin-kanzen-masuta-bunpo-n3-129-132.pdf&startIdx=1&endIdx=4
link,1,https://www.instagram.com/reel/C_HWbK8s5Li/?igsh=M3NodzQxMjBzMGcy
link,1,https://github.com/cjcaf1995/Guide-Scrum-Agile-Certification/blob/main/Guide-Scrum-Agile-Certification-35.pdf
link,1,https://github.com/sktoushi/stash2/issues/129
link,1,https://sktoushi.github.io/ref/viewer.html?&fileName=Nihongo-email-no-kakikata-1-7.pdf&startIdx=1&endIdx=7
link,1,https://github.com/cjcaf1995/Elements-of-Mercantile-Law/blob/main/Elements-of-Mercantile-Law_page-0131.jpg
link,1,https://sktoushi.github.io/ref2409/viewer.html?&fileName=ebook-of-etiquette-1-50.pdf&startIdx=1&endIdx=50
link,1,https://looptube.io/?videoId=SgmIF79_ppk&start=265&end=296&rate=1
link,1,https://github.com/sktoushi/how-to-win-every-argument/blob/main/how-to-win-every-argument-136.pdf
link,1,https://sktoushi.github.io/ref/viewer.html?&fileName=nihongo-n1-bunpou-46-60.pdf&startIdx=1&endIdx=15
link,1,https://takoboto.jp/?w=1386000
link,1,https://github.com/sktoushi/stash2/issues/103
link,1,https://github.com/cjcaf1995/stash/issues/790
link,1,https://sktoushi.github.io/ref/viewer.html?&fileName=the-worldly-philosophers-the-lives-times-and-ideas-of-the-great-economic-thinkers-1-248.pdf&startIdx=1&endIdx=248
link,1,https://looptube.io/?videoId=686ztUBxG4g&start=191&end=232&rate=1
link,1,https://sktoushi.github.io/ref/viewer.html?&fileName=Nihongo-email-no-kakikata-85-91.pdf&startIdx=1&endIdx=7
link,1,https://github.com/sktoushi/stash2/issues/119
link,1,https://sktoushi.github.io/ref/viewer.html?&fileName=A-Spy-Among-Friends-Kim-Philby-and-the-Great-Betrayal-340.pdf&startIdx=1&endIdx=340
link,1,https://sktoushi.github.io/ref/viewer.html?&fileName=Wakaru-Bijinesu-Nihongo-46-60.pdf&startIdx=1&endIdx=15
link,1,https://sktoushi.github.io/ref/viewer.html?&fileName=Shin-kanzen-masuta-bunpo-n3-97-100.pdf&startIdx=1&endIdx=4
link,1,https://looptube.io/?videoId=JiLa3tBXlpY&start=72&end=133&rate=1
link,1,https://github.com/cjcaf1995/kanji-pictographix/issues/1
link,1,https://github.com/sktoushi/stash2/issues/80
link,1,https://github.com/cjcaf1995/Strategy-Game-Theory/blob/main/Strategy-Game-Theory-329.pdf
link,1,https://sktoushi.github.io/ref/viewer.html?&fileName=nihongo-n1-bunpou-106-120.pdf&startIdx=1&endIdx=15
link,1,https://looptube.io/?videoId=SgmIF79_ppk&start=61&end=91&rate=1
link,1,https://sktoushi.github.io/ref/viewer.html?&fileName=Cosa-Nostra-A-History-of-the-Sicilian-Mafia-1-371.pdf&startIdx=1&endIdx=371
link,1,https://sktoushi.github.io/ref2409/viewer.html?&fileName=240913-notes-1-31.pdf&startIdx=1&endIdx=31
link,1,https://github.com/cjcaf1995/moneybankingfinance/blob/main/MoneyBankingInternationalFinance_page-0054.jpg
link,1,https://github.com/cjcaf1995/Project-Management-ToolBox/blob/main/Project%20Management%20ToolBox-268.pdf
link,1,https://github.com/cjcaf1995/stash/issues/1957
link,1,https://github.com/cjcaf1995/How-to-Implement-Lean-Manufacturing/issues/1
link,1,https://sktoushi.github.io/ref/viewer.html?&fileName=Nihongo-email-no-kakikata-92-98.pdf&startIdx=1&endIdx=7
link,1,https://looptube.io/?videoId=_syDCw7t5Kk&start=16&end=96&rate=1
link,1,https://github.com/cjcaf1995/Game-Theory/issues/1
link,1,https://github.com/cjcaf1995/Construction-Project-Management/issues/1
link,1,https://sktoushi.github.io/ref2409/viewer.html?&fileName=incerto-nassim-569-710.pdf&startIdx=1&endIdx=142
link,1,https://sktoushi.github.io/ref/viewer.html?&fileName=Wakaru-Bijinesu-Nihongo-16-30.pdf&startIdx=1&endIdx=15
link,1,https://github.com/cjcaf1995/niz-mix/blob/main/Nietzsche-Beyond-Good-and-Evil-192.jpg
link,1,https://github.com/cjcaf1995/macroeconfinance/blob/main/MacroeconomicsAndTheFinancialSystem_page-0081.jpg
link,1,https://github.com/cjcaf1995/capital-markets-financial-management/blob/main/Capital%20Markets,%20Financial%20Management_page-0741.jpg
link,1,https://github.com/cjcaf1995/intelligent-investor/blob/main/The_intelligent_investor-254.pdf
link,1,https://github.com/sktoushi/stash2/issues/36
link,1,https://github.com/cjcaf1995/listening/issues/28
link,1,https://github.com/cjcaf1995/Agile-Project-Management-with-Scrum/issues/1
link,1,https://looptube.io/?videoId=SgmIF79_ppk&start=296&end=331&rate=1
link,1,https://github.com/sktoushi/stash2/issues/135
link,1,https://github.com/cjcaf1995/macroeconomics/blob/main/Macroeconomics-Mankiw_page-0019.jpg
link,1,https://github.com/sktoushi/stash2/blob/main/2409-456.md#1-overview-of-the-random-section
link,1,https://github.com/sktoushi/stash2/issues/204
link,1,https://sktoushi.github.io/ref/viewer.html?&fileName=Nihongo-email-no-kakikata-15-21.pdf&startIdx=1&endIdx=7
link,1,https://github.com/sktoushi/stash2/issues/93
link,1,https://github.com/sktoushi/stash2/issues/52
link,1,https://sktoushi.github.io/ref/viewer.html?&fileName=Shin-kanzen-masuta-bunpo-n3-133-136.pdf&startIdx=1&endIdx=4
link,1,https://sktoushi.github.io/ref/viewer.html?&fileName=Spycraft-Manual-The-Insider's-Guide-to-Espionage-Techniques-1-20.pdf&startIdx=1&endIdx=20
link,1,https://sktoushi.github.io/ref/viewer.html?&fileName=Running-A-Ring-of-Spies-Spycraft-and-Black-Operations-in-the-Real-World-of-Espionage-106.pdf&startIdx=1&endIdx=106
link,1,https://sktoushi.github.io/ref/viewer.html?&fileName=Practical-Business-Japanese-51-60.pdf&startIdx=1&endIdx=10
link,1,https://sktoushi.github.io/ref2409/viewer.html?&fileName=the-art-of-manipulation-1-181.pdf&startIdx=1&endIdx=181
link,1,https://sktoushi.github.io/ref/viewer.html?&fileName=Practical-Business-Japanese-161-170.pdf&startIdx=1&endIdx=10
link,1,https://www.instagram.com/reel/C_owRFJiNJq/?igsh=OGtma2lkOHVwcjd2
link,1,https://github.com/cjcaf1995/Scrum-and-XP-from-the-Trenches/issues/1
link,1,https://sktoushi.github.io/ref/viewer.html?&fileName=Wakaru-Bijinesu-Nihongo-147-155.pdf&startIdx=1&endIdx=9
link,1,https://looptube.io/?videoId=SgmIF79_ppk&start=331&end=380&rate=1
link,1,https://github.com/sktoushi/stash2/blob/main/2409-03-challenger.md#5-the-fallout
link,1,https://github.com/cjcaf1995/justice-sandel/issues/1
link,1,https://sktoushi.github.io/ref2409/viewer.html?&fileName=never-split-the-difference-1-375.pdf&startIdx=1&endIdx=375
link,1,https://sktoushi.github.io/ref/viewer.html?&fileName=Spy-Book-The-Encyclopedia-of-Espionage-232-264.pdf&startIdx=1&endIdx=33
link,1,https://youtube.com/shorts/lz6mzA5ro0I?si=9qM7b3RuNAs-58oG
link,1,https://github.com/cjcaf1995/capital-markets-financial-management/blob/main/Capital%20Markets,%20Financial%20Management_page-0445.jpg
link,1,https://github.com/cjcaf1995/Cost-Accounting-FinMgt-For-Const-PMs/blob/main/Cost-Accounting-FinMgt-For-Const-PMs-144.pdf
link,1,https://github.com/cjcaf1995/stash/issues/3690
link,1,https://github.com/sktoushi/subliminal-psychology/issues/1
link,1,https://sktoushi.github.io/ref/viewer.html?&fileName=Five-Families-The-Rise-Decline-and-Resurgence-of-Americas-Most-Powerful-Mafia-Empires-1-838.pdf&startIdx=1&endIdx=838
link,1,https://github.com/cjcaf1995/Managerial-Economics/blob/main/Managerial%20Economics_page-0659.jpg
link,1,https://sktoushi.github.io/su/240822-ikanNiYorazu.html
link,1,https://github.com/sktoushi/stash2/issues/28
link,1,https://youtube.com/shorts/syvOVYC7dnA?si=2Vx5z9VRMt3jPH2y
link,1,https://github.com/cjcaf1995/Scrum-The-Ultimate-Beginners-Guide/issues/1
link,1,https://github.com/cjcaf1995/stash/issues/1964
link,1,https://youtube.com/shorts/QOhG4dmnrR0?si=_ticj_Ok3l5_7NIW
link,1,https://looptube.io/?videoId=Vlcmr36tCoE&start=80&end=183&rate=1
link,1,https://github.com/cjcaf1995/enchiridion-pope-leo/issues/1
link,1,https://sktoushi.github.io/ref/viewer.html?&fileName=Spies-The-Secret-Agents-Who-Changed-the-Course-of-History-290.pdf&startIdx=1&endIdx=290
link,1,https://sktoushi.github.io/ref/viewer.html?&fileName=Nihongo-email-no-kakikata-71-77.pdf&startIdx=1&endIdx=7
link,1,https://looptube.io/?videoId=_syDCw7t5Kk&start=475&end=547&rate=1
link,1,https://m.youtube.com/watch?reload=9&v=TxKzqbpLi0Y&t=1800s&feature=youtu.be
link,1,https://github.com/cjcaf1995/Project-Management-and-Leadership-Skills/blob/main/Project-Management-and-Leadership-Skills-52.pdf
link,1,https://github.com/sktoushi/stash2/blob/main/2409-01%20Antifragile.md#3-trial-error-and-the-smackdown
link,1,https://www.instagram.com/reel/C_hqmGSOp4j/?igsh=cGV6ZWdueDBldnNt
link,1,https://youtube.com/shorts/QQunh6rzFro?si=tF2wpb9NdAW-Rqc4
link,1,https://github.com/sktoushi/stash2/issues/123
link,1,https://github.com/sktoushi/stash2/blob/ref2409/240904-1350-Cleaning_Services_and_Signaling.txt
link,1,https://github.com/sktoushi/stash2/blob/ref2409/banking_services.txt
link,1,https://github.com/cjcaf1995/Game-Theory/blob/main/Game-Theory-67.pdf
link,1,https://sktoushi.github.io/ref2409/viewer.html?&fileName=futures-finance-1-200.pdf&startIdx=1&endIdx=200
link,1,https://github.com/sktoushi/sutashu/issues/24
link,1,https://sktoushi.github.io/ref2409/viewer.html?&fileName=Impulse-Why-We-Do-What-We-Do-Without-Knowing-Why-We-Do-It-1-333.pdf&startIdx=1&endIdx=333
link,1,https://github.com/sktoushi/stash2/blob/main/240923-02-gt.md#3.5-symmetric-vs-asymmetric-games
link,1,https://github.com/cjcaf1995/steve-jobs/blob/main/Steve%20Jobs-By-Walter-Isaacson-78.pdf
link,1,https://sktoushi.github.io/ref2410/viewer.html?&fileName=The-Phoenix-Project-A-Novel-about-IT-DevOps-and-Helping-Your-Business-Win-1-385_Compressed.pdf&startIdx=1&endIdx=385
link,1,https://looptube.io/?videoId=SgmIF79_ppk&start=451&end=494&rate=1
link,1,https://github.com/cjcaf1995/steve-jobs/issues/1
link,1,https://github.com/sktoushi/The-Secrets-of-Your-Handwriting/blob/main/The-Secrets-of-Your-Handwriting-91.pdf
link,1,https://github.com/sktoushi/stash2/blob/main/2409-456.md#3-deeper-dive-why-this-is-irrational
link,1,https://www.biblegateway.com/passage/?search=1Thess.5.11-1Thess.5.15&version=NASB1995
link,1,https://github.com/sktoushi/The-Secrets-of-Your-Handwriting/blob/main/The-Secrets-of-Your-Handwriting-113.pdf
link,1,https://github.com/cjcaf1995/economics-for-investment-decision-makers/issues/1
link,1,https://github.com/cjcaf1995/a-theory-of-justice-rawls/blob/main/a-theory-of-justice-rawls-491.pdf
link,1,https://github.com/sktoushi/stash2/blob/main/240923-02-gt.md#2-core-concepts-of-game-theory
link,1,https://github.com/sktoushi/stash2/issues/91
link,1,https://looptube.io/?videoId=SgmIF79_ppk&start=423&end=451&rate=1
link,1,https://github.com/cjcaf1995/stash/issues/161
link,1,https://youtu.be/2mTS57hkAUk?si=luj5EJWVU6hTmegA
link,1,https://sktoushi.github.io/ref/viewer.html?&fileName=without-saying-a-word-master-the-science-of-body-language.pdf&startIdx=1&endIdx=257
link,1,https://www.instagram.com/reel/C_BQW18P4Li/?igsh=MWN4dDFsZGcyMjV1Zg==
link,1,https://sktoushi.github.io/ref/viewer.html?&fileName=Spy-Book-The-Encyclopedia-of-Espionage-265-297.pdf&startIdx=1&endIdx=33
link,1,https://sktoushi.github.io/ref/viewer.html?&fileName=nihongo-n1-bunpou-61-75.pdf&startIdx=1&endIdx=15
link,1,https://looptube.io/?videoId=SgmIF79_ppk&start=18&end=61&rate=1
link,1,https://github.com/cjcaf1995/piagetmix/blob/main/language-and-thought-in-the-child-263.jpg
link,1,https://github.com/cjcaf1995/stash/issues/4393
link,1,https://sktoushi.github.io/ref/viewer.html?&fileName=nihongo-sou-matome-n2-15-21.pdf&startIdx=1&endIdx=7
link,1,https://github.com/cjcaf1995/machmix/blob/main/the-portable-machiavelli-121.jpg
link,1,https://github.com/cjcaf1995/Project-Management-Planning-and-Control/blob/main/Project-Management-Planning-and-Control-309.pdf
link,1,https://takoboto.jp/?w=1756790
link,1,https://sktoushi.github.io/su/240823-Government_Budget_QnA_Randomizer.html
link,1,https://sktoushi.github.io/ref2409/viewer.html?&fileName=Brainfluence-100-Ways-to-Persuade-and-Convince-Consumers-with-Neuromarketing-1-335.pdf&startIdx=1&endIdx=335
link,1,https://github.com/cjcaf1995/a-theory-of-justice-rawls/blob/main/a-theory-of-justice-rawls-154.pdf
link,1,https://sktoushi.github.io/ref/viewer.html?&fileName=A-Dictionary-of-Basic-Japanese-Grammar-323-483-161.pdf&startIdx=1&endIdx=161
link,1,https://www.youtube.com/shorts/5NjcrSpMyYM
link,1,https://sktoushi.github.io/ref2410/viewer.html?&fileName=mans-search-for-meaning-1-69.pdf&startIdx=1&endIdx=69
link,1,https://github.com/sktoushi/stash2/blob/ref2409/240904-1350-Real_Estate_Deals_and_Signaling.txt
link,1,https://github.com/cjcaf1995/moneybankingfinance/blob/main/MoneyBankingInternationalFinance_page-0173.jpg
link,1,https://github.com/sktoushi/stash2/blob/main/240923-02-procrustes.md#change-your-anchor
link,1,https://youtube.com/shorts/B__mFW63IDs?si=UNSLfzyFMRXImCIK
link,1,https://simple.wikipedia.org/wiki/Special:Random
link,1,https://sktoushi.github.io/ref2409/viewer.html?&fileName=skin-in-the-game-nassim-nicholas-taleb-1-318.pdf&startIdx=1&endIdx=318
link,1,https://github.com/sktoushi/stash2/issues/125
link,1,https://github.com/cjcaf1995/3smeaning0915-three-star/issues/28
link,1,https://sktoushi.github.io/ref2409/viewer.html?&fileName=hooked-how-to-build-habit-forming-products-301-535.pdf&startIdx=1&endIdx=235
link,1,https://github.com/cjcaf1995/stash/issues/363
link,1,https://github.com/sktoushi/stash2/blob/main/2409-03-challenger.md#3-countdown-to-catastrophe
link,1,https://github.com/cjcaf1995/kanji-pictographix/blob/main/kanji-pict-o-graphix-136.pdf
link,1,https://youtube.com/shorts/435BWUDCTzA?si=G6dOW7r6DadYpeLg
link,1,https://github.com/cjcaf1995/code-complete/blob/main/CodeComplete_page-0207.jpg
link,1,https://github.com/cjcaf1995/listening/issues/220
link,1,https://sktoushi.github.io/ref/viewer.html?&fileName=nihongo-sou-matome-n2-22-28.pdf&startIdx=1&endIdx=7
link,1,https://github.com/sktoushi/stash2/blob/main/240923-02-gt.md#3.4-zero-sum-vs-non-zero-sum-games
link,1,https://github.com/cjcaf1995/justice-sandel/blob/main/justice-sandel-99.pdf
link,1,https://sktoushi.github.io/ref/viewer.html?&fileName=nihongo-sou-matome-n2-106-112.pdf&startIdx=1&endIdx=7
link,1,https://www.instagram.com/reel/C-3AEHjCYE-/?igsh=ZnF0ejZpb2Nma29s
link,1,https://sktoushi.github.io/ref/viewer.html?&fileName=Spy-Book-The-Encyclopedia-of-Espionage-529-561.pdf&startIdx=1&endIdx=33
link,1,https://github.com/cjcaf1995/games-of-strategy-dixit/blob/main/games-of-strategy-dixit-733.pdf
link,1,https://sktoushi.github.io/ref/viewer.html?&fileName=Practical-Business-Japanese-11-20.pdf&startIdx=1&endIdx=10
link,1,https://sktoushi.github.io/ref/viewer.html?&fileName=Shin-kanzen-masuta-bunpo-n3-65-68.pdf&startIdx=1&endIdx=4
link,1,https://sktoushi.github.io/ref2409/viewer.html?&fileName=body-language-101-1-169.pdf&startIdx=1&endIdx=169
link,1,https://sktoushi.github.io/ref/viewer.html?&fileName=Spycraft-Manual-The-Insider's-Guide-to-Espionage-Techniques-21-40.pdf&startIdx=1&endIdx=20
link,1,https://github.com/cjcaf1995/influence-cialdini/blob/main/Influence%20The%20Psychology%20of%20Persuasion_page-0130.jpg
link,1,https://youtube.com/shorts/62uD9m7n5Ns?si=09l2tYsHiM4RQQX1
link,1,https://github.com/cjcaf1995/public-repo/issues/1676
link,1,https://sktoushi.github.io/ref2409/viewer.html?&fileName=First-Aid-1-103.pdf&startIdx=1&endIdx=103
link,1,https://looptube.io/?videoId=jZdsGxZuxCM&start=16&end=125&rate=1
link,1,https://looptube.io/?videoId=Vlcmr36tCoE&start=243&end=263&rate=1
link,1,https://looptube.io/?videoId=SgmIF79_ppk&start=151&end=235&rate=1
link,1,https://youtu.be/eU1LdfbgqfA?si=IdLEzIa0yN7Fd38L
link,1,https://looptube.io/?videoId=z6AMAIxEOBQ&start=295&end=323&rate=1
link,1,https://sktoushi.github.io/ref/viewer.html?&fileName=Shin-kanzen-masuta-bunpo-n3-61-64.pdf&startIdx=1&endIdx=4
link,1,https://sktoushi.github.io/ref/viewer.html?&fileName=Shin-kanzen-masuta-bunpo-n3-29-32.pdf&startIdx=1&endIdx=4
link,1,https://github.com/cjcaf1995/ego-is-the-enemy/issues/1
link,1,https://github.com/cjcaf1995/intelligent-investor/issues/1
link,1,https://github.com/cjcaf1995/stash/issues/2922
link,1,https://sktoushi.github.io/ref/viewer.html?&fileName=Shin-kanzen-masuta-bunpo-n3-117-120.pdf&startIdx=1&endIdx=4
link,1,https://github.com/cjcaf1995/Keynes_-Philosophy-Economics-and-Politics-P1/issues/1
link,1,https://github.com/sktoushi/stash2/issues/109
link,1,https://sktoushi.github.io/ref/viewer.html?&fileName=A-Dictionary-of-Basic-Japanese-Grammar-484-644-161.pdf&startIdx=1&endIdx=161
link,1,https://sktoushi.github.io/ref/viewer.html?&fileName=nihongo-sou-matome-n2-99-105.pdf&startIdx=1&endIdx=7
link,1,https://sktoushi.github.io/ref2410/viewer.html?&fileName=Leaders-Eat-Last-Simon-Sinek-1-296.pdf&startIdx=1&endIdx=296
link,1,https://sktoushi.github.io/ref/viewer.html?&fileName=nihongo-n1-bunpou-91-105.pdf&startIdx=1&endIdx=15
link,1,https://www.instagram.com/reel/C8QXxgXywtZ/?igsh=c2ZuMDBjcjU5a213
link,1,https://youtube.com/shorts/92083JUvfd4?si=NJTNvJgZW7oQfSQ9
link,1,https://looptube.io/?videoId=HJutASB20f0&start=516&end=576&rate=1
link,1,https://sktoushi.github.io/ref/viewer.html?&fileName=Practical-Business-Japanese-21-30.pdf&startIdx=1&endIdx=10
link,1,https://takoboto.jp/?w=1421950
link,1,https://github.com/cjcaf1995/The-Theory-of-Gambling-and-Statistical-Logic/blob/main/The%20Theory%20of%20Gambling%20and%20Statistical%20Logic%20(%20PDFDrive%20)-72.pdf
link,1,https://github.com/sktoushi/stash2/issues/79
link,1,https://github.com/sktoushi/stash2/blob/main/240923-02-gt.md#2.1-players
link,1,https://youtube.com/shorts/HqLK5dK6jZc?si=xuGj0q-VJQCfkKX3
link,1,https://github.com/cjcaf1995/Scrum-For-Dummies/blob/main/Scrum-For-Dummies-134.pdf
link,1,https://github.com/cjcaf1995/elon-musk/blob/main/Elon-Musk-Walter-Isaacson-46.pdf
link,1,https://looptube.io/?videoId=0gWrsF2v7RU&start=323&end=464&rate=1
link,1,https://takoboto.jp/?w=1513970
link,1,https://sktoushi.github.io/ref/viewer.html?&fileName=Shin-kanzen-masuta-bunpo-n3-162-166.pdf&startIdx=1&endIdx=4
link,1,https://github.com/sktoushi/stash2/blob/main/240923-02-procrustes.md#it-takes-extraordinary-wisdom
link,1,https://github.com/sktoushi/stash2/issues/96
link,1,https://youtube.com/shorts/h9GkSL0tCUE?si=QPPJV-7kFlHzKLxp
link,1,https://github.com/sktoushi/The-Book-of-Isaiah/issues/1
link,1,https://github.com/sktoushi/stash2/issues/63
link,1,https://en.wikinews.org/wiki/Special:Random
link,1,https://sktoushi.github.io/ref2409/viewer.html?&fileName=The-Persuasion-Code-How-Neuromarketing-Can-Help-You-Persuade-Anyone-Anywhere-Anytime-201-361.pdf&startIdx=1&endIdx=261
link,1,https://github.com/cjcaf1995/MercantileLaw/issues/1
link,1,https://github.com/sktoushi/stash2/blob/ref2409/240904-1350-Dispute_Resolution_and_Signaling.txt
link,1,https://www.instagram.com/reel/C9BgMXLNz7d/?igsh=MWsyeGdpd25yc2o0Mg==
link,1,https://github.com/sktoushi/stash2/issues/144
link,1,https://sktoushi.github.io/ref/viewer.html?&fileName=Practical-Business-Japanese-151-160.pdf&startIdx=1&endIdx=10
link,1,https://takoboto.jp/?w=1298680
link,1,https://github.com/sktoushi/stash2/blob/main/240923-02-gt.md#2.2-strategies
link,1,https://sktoushi.github.io/ref2409/viewer.html?&fileName=predictably-irrational.pdf&startIdx=1&endIdx=308
link,1,https://sktoushi.github.io/su/240823-AD_AS_QnA_Randomizer.html
link,1,https://www.instagram.com/reel/C896W35v7aU/?igsh=MXJrZm51ODFqdzJzaA==
link,1,https://github.com/sktoushi/stash2/blob/main/240923-02-gt.md#5.1-prisoners-dilemma
link,1,https://takoboto.jp/?w=1397590
link,1,https://sktoushi.github.io/ref/viewer.html?&fileName=Nihongo-Business-Bunsho-Manual-73-112.pdf&startIdx=1&endIdx=40
link,1,https://takoboto.jp/?w=1250880
link,1,https://sktoushi.github.io/ref/viewer.html?&fileName=Wakaru-Bijinesu-Nihongo-136-146.pdf&startIdx=1&endIdx=11
link,1,https://github.com/cjcaf1995/stash/issues/3982
link,1,https://sktoushi.github.io/ref/viewer.html?&fileName=nihongo-n1-bunpou-136-155.pdf&startIdx=1&endIdx=20
link,1,https://sktoushi.github.io/ref/viewer.html?&fileName=a-history-of-strategy-from-sun-tzu-to-william-s-lind-1-108.pdf&startIdx=1&endIdx=108
link,1,https://github.com/sktoushi/stash2/issues/62
link,1,https://sktoushi.github.io/ref/viewer.html?&fileName=Nihongo-email-no-kakikata-43-49.pdf&startIdx=1&endIdx=7
link,1,https://looptube.io/?videoId=z6AMAIxEOBQ&start=90&end=194&rate=1
link,1,https://youtube.com/shorts/-qvC0ISkp1k?si=MKmIvF5eiwfQHWlm
link,1,https://github.com/cjcaf1995/Project-Risk-Management-Guidelines-Cooper/blob/main/Project-Risk-Management-Guidelines-Cooper-193.pdf
link,1,https://github.com/sktoushi/subliminal-psychology/blob/main/subliminal-psychology-10.pdf
link,1,https://sktoushi.github.io/ref2409/viewer.html?&fileName=the-choice-factory-1-158.pdf&startIdx=1&endIdx=154
link,1,https://github.com/cjcaf1995/3smeaning0915-three-star/issues/29
link,1,https://github.com/sktoushi/stash2/blob/ref2409/family_values.txt
link,1,https://sktoushi.github.io/ref2409/viewer.html?&fileName=240920-notes-1-49.pdf&startIdx=1&endIdx=49
link,1,https://looptube.io/?videoId=0gWrsF2v7RU&start=22&end=55&rate=1
link,1,https://github.com/cjcaf1995/games-of-strategy-dixit/blob/main/games-of-strategy-dixit-383.pdf
link,1,https://www.instagram.com/reel/C8w32ZbSTcG/?igsh=c3RxdncycmI3N2sx
link,1,https://github.com/sktoushi/stash2/issues/114
link,1,https://sktoushi.github.io/ref/viewer.html?&fileName=Nihongo-email-no-kakikata-113-119.pdf&startIdx=1&endIdx=7
link,1,https://github.com/sktoushi/stash2/issues/73
link,1,https://github.com/cjcaf1995/PMP-guide2/issues/1
link,1,https://www.instagram.com/reel/C-r2TrCgLB4/?igsh=Z2ZvMXNkNDdycDRo
link,1,https://sktoushi.github.io/ref/viewer.html?&fileName=Shin-kanzen-masuta-bunpo-n3-167-170.pdf&startIdx=1&endIdx=4
link,1,https://github.com/cjcaf1995/Game-Theory/blob/main/Game-Theory-183.pdf
link,1,https://github.com/sktoushi/Psych-Skills-Influence-People-Mind-Control-NLP/blob/main/Psych-Skills-Influence-People-Mind-Control-NLP-183.pdf
link,1,https://github.com/cjcaf1995/Project-Life-Cycle-Economics/blob/main/Project-Life-Cycle-Economics-334.pdf
link,1,https://github.com/cjcaf1995/art-of-strategy/blob/main/art-of-strategy-347.pdf
link,1,https://github.com/sktoushi/stash2/issues/314
link,1,https://sktoushi.github.io/ref/viewer.html?&fileName=Shin-kanzen-masuta-bunpo-n3-37-40.pdf&startIdx=1&endIdx=4
link,1,https://github.com/cjcaf1995/Managerial-Economics/blob/main/Managerial%20Economics_page-0614.jpg
link,1,https://www.instagram.com/reel/C9MyZnTO_D4/?igsh=c3F6MXE1am9scnNr
link,1,https://sktoushi.github.io/ref/viewer.html?&fileName=Nihongo-email-no-kakikata-134-140.pdf&startIdx=1&endIdx=7
link,1,https://github.com/cjcaf1995/Games-and-Information/blob/main/Games-and-Information-188.pdf
link,1,https://github.com/sktoushi/stash2/issues/105
link,1,https://github.com/sktoushi/stash2/issues/155
link,1,https://github.com/cjcaf1995/greene-mix/blob/main/48-laws-of-power-103.jpg
link,1,https://www.instagram.com/reel/C_tavfVyEoc/?igsh=bHZ1eHAycmR6M25t
link,1,https://looptube.io/?videoId=jZdsGxZuxCM&start=406&end=506&rate=1
link,1,https://sktoushi.github.io/ref/viewer.html?&fileName=Why-Spy-The-Art-of-Intelligence-238.pdf&startIdx=1&endIdx=238
link,1,https://looptube.io/?videoId=SgmIF79_ppk&start=380&end=400&rate=1
link,1,https://sktoushi.github.io/su/240824-japanese-grammar-analysis-2.html
link,1,https://www.instagram.com/reel/C8an2MniqZ6/?igsh=czcwY2FydWdraTNj
link,1,https://looptube.io/?videoId=_syDCw7t5Kk&start=272&end=290&rate=1
link,1,https://github.com/cjcaf1995/Scrum-The-Ultimate-Beginners-Guide/blob/main/Scrum-The-Ultimate-Beginners-Guide-57.pdf
link,1,https://sktoushi.github.io/ref/viewer.html?&fileName=Spycraft-Manual-The-Insider's-Guide-to-Espionage-Techniques-81-100.pdf&startIdx=1&endIdx=20
link,1,https://github.com/cjcaf1995/Project-Management-Planning-and-Control/issues/1
link,1,https://github.com/sktoushi/how-to-improve-memory/issues/1
link,1,https://github.com/sktoushi/sutashu/issues/14
link,1,https://looptube.io/?videoId=_syDCw7t5Kk&start=96&end=238&rate=1
link,1,https://sktoushi.github.io/ref/viewer.html?&fileName=Practical-Business-Japanese-1-10.pdf&startIdx=1&endIdx=10
link,1,https://sktoushi.github.io/ref/viewer.html?&fileName=Practical-Business-Japanese-41-50.pdf&startIdx=1&endIdx=10
link,1,https://github.com/sktoushi/stash2/blob/main/2409-01%20Antifragile.md#antifragile-pages-150-160-summary
link,1,https://looptube.io/?videoId=HJutASB20f0&start=155&end=220&rate=1
link,1,https://github.com/cjcaf1995/Scrum-The-Ultimate-Beginners-Guide/blob/main/Scrum-The-Ultimate-Beginners-Guide-52.pdf
link,1,https://looptube.io/?videoId=HJutASB20f0&start=276&end=302&rate=1
link,1,https://www.instagram.com/reel/C-5nNWbMni_/?igsh=ZncwYWhhejR3OWo3
link,1,https://github.com/cjcaf1995/Managerial-Economics/blob/main/Managerial%20Economics_page-0347.jpg
link,1,https://github.com/cjcaf1995/Games-and-Information/blob/main/Games-and-Information-280.pdf
link,1,https://sktoushi.github.io/ref/viewer.html?&fileName=Spy-Book-The-Encyclopedia-of-Espionage-67-99.pdf&startIdx=1&endIdx=33
link,1,https://github.com/sktoushi/stash2/blob/main/240923-02-gt.md#2.4-games
link,1,https://sktoushi.github.io/ref/viewer.html?&fileName=Shin-kanzen-masuta-bunpo-n3-157-161.pdf&startIdx=1&endIdx=4
link,1,https://youtube.com/shorts/TNiC0ua1Rhc?si=2jKxjhpVh40ghAiN
link,1,https://github.com/cjcaf1995/intelligent-investor/blob/main/The_intelligent_investor-440.pdf
link,1,https://www.instagram.com/reel/C9KETv5xBcI/?igsh=emZ4YXd4cmRiYWR2
link,1,https://github.com/cjcaf1995/stash/issues/3936
link,1,https://looptube.io/?videoId=HJutASB20f0&start=220&end=276&rate=1
link,1,https://github.com/cjcaf1995/Project-Management-Basics-Checklists/issues/1
link,1,https://github.com/cjcaf1995/Managerial-Economics/blob/main/Managerial%20Economics_page-0786.jpg
link,1,https://sktoushi.github.io/ref/viewer.html?&fileName=Practical-Business-Japanese-121-130.pdf&startIdx=1&endIdx=10
link,1,https://sktoushi.github.io/ref/viewer.html?&fileName=Shin-kanzen-masuta-bunpo-n3-57-60.pdf&startIdx=1&endIdx=4
link,1,https://github.com/cjcaf1995/Games-and-Information/blob/main/Games-and-Information-235.pdf
link,1,https://github.com/cjcaf1995/Project-Risk-Management-Guidelines-Cooper/issues/1
link,1,https://sktoushi.github.io/ref/viewer.html?&fileName=nihongo-sou-matome-n2-120-126.pdf&startIdx=1&endIdx=7
link,1,https://github.com/sktoushi/stash2/issues/134
link,1,https://www.instagram.com/reel/C_JCB7Mus7X/?igsh=ZWVoNmU1NW02YWVz
link,1,https://looptube.io/?videoId=cq1xaqfhQBs&start=481&end=545&rate=1
link,1,https://looptube.io/?videoId=JiLa3tBXlpY&start=300&end=403&rate=1
link,1,https://looptube.io/?videoId=jZdsGxZuxCM&start=247&end=317&rate=1
link,1,https://github.com/cjcaf1995/knowledge-bank/issues/674
link,1,https://www.instagram.com/reel/C8V-0GlC8qi/?igsh=NHV6czA0b2g2eTFy
link,1,https://github.com/cjcaf1995/macroeconomics/blob/main/Macroeconomics-Mankiw_page-0018.jpg
link,1,https://sktoushi.github.io/ref/viewer.html?&fileName=Shin-kanzen-masuta-bunpo-n3-41-44.pdf&startIdx=1&endIdx=4
link,1,https://github.com/sktoushi/stash2/blob/main/240923-02-gt.md#3-types-of-games
link,1,https://github.com/cjcaf1995/listening/issues/4
link,1,https://looptube.io/?videoId=Vlcmr36tCoE&start=183&end=243&rate=1
link,1,https://github.com/sktoushi/stash2/blob/ref2409/cleaning_services.txt
link,1,https://youtube.com/watch?v=o6trQX7sdOs&si=fJokiJI7JFyIPxSw
link,1,https://github.com/cjcaf1995/Scrum-and-XP-from-the-Trenches/blob/main/Scrum-and-XP-from-the-Trenches-39.pdf
link,1,https://sktoushi.github.io/su/240824-kotodashi.html
link,1,https://looptube.io/?videoId=_syDCw7t5Kk&start=360&end=420&rate=1
link,1,https://sktoushi.github.io/ref/viewer.html?&fileName=Practical-Business-Japanese-181-190.pdf&startIdx=1&endIdx=10
link,1,https://github.com/cjcaf1995/stash/issues/393
link,1,https://github.com/sktoushi/stash2/issues/94
link,1,https://github.com/cjcaf1995/Games-and-Information/issues/1
link,1,https://github.com/sktoushi/stash2/blob/ref2409/240904-1350-Witness_Protection_and_Signaling.txt
link,1,https://github.com/sktoushi/stash2/blob/main/240923-02-procrustes.md#the-problem-of-knowledge
link,1,https://takoboto.jp/?w=1010460
link,1,https://github.com/sktoushi/stash2/issues/102
link,1,https://github.com/cjcaf1995/stash/issues/4371
link,1,https://github.com/cjcaf1995/resorts-management-and-operation/blob/main/Resorts_%20Management%20and%20Operation_page-0261.jpg
link,1,https://github.com/sktoushi/stash2/blob/main/240923-02-gt.md#5-famous-games-and-examples
link,1,https://sktoushi.github.io/ref/viewer.html?&fileName=nihongo-sou-matome-n2-50-56.pdf&startIdx=1&endIdx=7
link,1,https://sktoushi.github.io/ref/viewer.html?&fileName=A-Spys-Guide-to-Strategy-111.pdf&startIdx=1&endIdx=111
link,1,https://www.instagram.com/reel/C9O2fcOM9oI/?igsh=MTV0bWU0aGx3ZWo5aw==
link,1,https://sktoushi.github.io/ref/viewer.html?&fileName=A-Dictionary-of-Basic-Japanese-Grammar-162-322-161.pdf&startIdx=1&endIdx=161
link,1,https://github.com/sktoushi/stash2/issues/151
link,1,https://github.com/cjcaf1995/Project-Management-and-Leadership-Skills/blob/main/Project-Management-and-Leadership-Skills-37.pdf
link,1,https://sktoushi.github.io/ref2409/viewer.html?&fileName=incerto-nassim-711-852.pdf&startIdx=1&endIdx=142
link,1,https://github.com/sktoushi/stash2/issues/435
link,1,https://looptube.io/?videoId=_syDCw7t5Kk&start=420&end=475&rate=1
link,1,https://github.com/sktoushi/stash2/issues/40
link,1,https://sktoushi.github.io/ref/viewer.html?&fileName=Spy-Book-The-Encyclopedia-of-Espionage-496-528.pdf&startIdx=1&endIdx=33
link,1,https://github.com/sktoushi/stash2/blob/main/240923-02-procrustes.md#in-a-conflict
link,1,https://looptube.io/?videoId=cq1xaqfhQBs&start=620&end=675&rate=1
link,1,https://sktoushi.github.io/ref/viewer.html?&fileName=nihongo-sou-matome-n2-71-77.pdf&startIdx=1&endIdx=7
link,1,https://youtube.com/shorts/Cz2ny1MemPg?si=Dou5r6vrsgxeJ0AU
link,1,https://youtube.com/shorts/62uD9m7n5Ns?si=zqBTHqFNxnj2Qi6x
link,1,https://www.instagram.com/reel/C_N3GmsgahO/?igsh=MXZmNzhndHR0Mm01aA==
link,1,https://github.com/cjcaf1995/Scrum-Mastery-From-Good-to-Great-Servant-Leadership/issues/1
link,1,https://sktoushi.github.io/ref2409/viewer.html?&fileName=decoding-the-new-consumer-mind-1-213.pdf&startIdx=1&endIdx=213
link,1,https://github.com/sktoushi/stash2/issues/189
link,1,https://sktoushi.github.io/ref/viewer.html?&fileName=Shin-kanzen-masuta-bunpo-n3-33-36.pdf&startIdx=1&endIdx=4
link,1,https://www.instagram.com/reel/C_N3GmsgahO/?igsh=MXZmNzhndHR0Mm01aA%3D%3D
link,1,https://sktoushi.github.io/ref/viewer.html?&fileName=Shin-kanzen-masuta-bunpo-n3-141-144.pdf&startIdx=1&endIdx=4
link,1,https://looptube.io/?videoId=Vlcmr36tCoE&start=335&end=387&rate=1
link,1,https://github.com/sktoushi/stash2/issues/60
link,1,https://github.com/sktoushi/stash2/blob/main/2409-03-challenger.md#2-the-crew-of-doomed-souls
link,1,https://github.com/sktoushi/The-Complete-Guide-to-Japanese-Kanji/blob/main/The-Complete-Guide-to-Japanese-Kanji_pages-to-jpg-0327.jpg
link,1,https://github.com/cjcaf1995/Cost-Accounting-FinMgt-For-Const-PMs/issues/1
link,1,https://www.instagram.com/reel/C_BLMrKOg0f/?igsh=cGcxOGZxM3hsMDdr
link,1,https://github.com/sktoushi/stash2/issues/89
link,1,https://github.com/cjcaf1995/Project-Management-ToolBox/blob/main/Project%20Management%20ToolBox-327.pdf
link,1,https://sktoushi.github.io/ref/viewer.html?&fileName=Shin-kanzen-masuta-bunpo-n3-125-128.pdf&startIdx=1&endIdx=4
link,1,https://github.com/cjcaf1995/capital-markets-financial-management/blob/main/Capital%20Markets,%20Financial%20Management_page-0400.jpg
link,1,https://sktoushi.github.io/ref/viewer.html?&fileName=Papa-Spy-A-True-Story-of-Love-Wartime-Espionage-in-Madrid-424.pdf&startIdx=1&endIdx=424
link,1,https://takoboto.jp/?w=2804700
link,1,https://sktoushi.github.io/ref/viewer.html?&fileName=being-logical-a-guide-to-good-thinking-1-159.pdf&startIdx=1&endIdx=159
link,1,https://github.com/cjcaf1995/Financial_Accounting_IFRS-P2/issues/1
link,1,https://sktoushi.github.io/su/240823-Product_Termination_QnA_Randomizer.html
link,1,https://sktoushi.github.io/ref/viewer.html?&fileName=Spy-Book-The-Encyclopedia-of-Espionage-298-330.pdf&startIdx=1&endIdx=33
link,1,https://github.com/sktoushi/stash2/blob/main/240923-02-procrustes.md#those-who-violate-a-rule
link,1,https://www.instagram.com/reel/C_LuZrZghvY/?igsh=ZDF1MTYxZTlneXFt
link,1,https://sktoushi.github.io/su/traverse0915-pdf.html?repository=kanji-pictographix&blob=kanji-pict-o-graphix-&startIndex=4&endIndex=213
link,1,https://github.com/cjcaf1995/Project-Life-Cycle-Economics/issues/1
link,1,https://www.instagram.com/reel/C9VHoFuJ6mO/?igsh=cHo2cm5xdnA0enZw
link,1,https://github.com/cjcaf1995/supercommunicators/issues/1
link,1,https://sktoushi.github.io/ref/viewer.html?&fileName=Spycraft-Manual-The-Insider's-Guide-to-Espionage-Techniques-161-180.pdf&startIdx=1&endIdx=20
link,1,https://sktoushi.github.io/ref/viewer.html?&fileName=Nihongo-email-no-kakikata-57-63.pdf&startIdx=1&endIdx=7
link,1,https://looptube.io/?videoId=jZdsGxZuxCM&start=576&end=685&rate=1
link,1,https://github.com/sktoushi/stash2/blob/ref2409/240904-1350-Neighborhood_Watch_and_Signaling.txt
link,1,https://sktoushi.github.io/ref2410/viewer.html?&fileName=thinking-in-bets-by-annie-duke-1-318.pdf&startIdx=1&endIdx=318
link,1,https://github.com/cjcaf1995/public-repo/issues/1196
link,1,https://sktoushi.github.io/ref/viewer.html?&fileName=the-curious-case-of-black-money-and-white-money-1-248.pdf&startIdx=1&endIdx=248
link,1,https://sktoushi.github.io/su/traverse0915-jpg.html?repository=moneybankingfinance&blob=MoneyBankingInternationalFinance_page-&startIndex=9&endIndex=291
link,1,https://sktoushi.github.io/ref2409/viewer.html?&fileName=incerto-nassim-1137-1278.pdf&startIdx=1&endIdx=142
link,1,https://takoboto.jp/?w=1586780
link,1,https://github.com/sktoushi/stash2/blob/main/240923-02-gt.md#6.1-evolutionary-game-theory
link,1,https://github.com/cjcaf1995/intelligent-investor/blob/main/The_intelligent_investor-50.pdf
link,1,https://sktoushi.github.io/ref/viewer.html?&fileName=Spy-Book-The-Encyclopedia-of-Espionage-364-396.pdf&startIdx=1&endIdx=33
link,1,https://takoboto.jp/?w=1605340
link,1,https://github.com/cjcaf1995/thinking-strategically/issues/1
link,1,https://looptube.io/?videoId=SgmIF79_ppk&start=400&end=423&rate=1
link,1,https://github.com/sktoushi/stash2/issues/259
link,1,https://looptube.io/?videoId=SgmIF79_ppk&start=91&end=151&rate=1
link,1,https://looptube.io/?videoId=_syDCw7t5Kk&start=290&end=335&rate=1
link,1,https://github.com/sktoushi/stash2/blob/main/240923-02-gt.md#5.3-the-hawk-dove-game-chicken
link,1,https://github.com/cjcaf1995/elon-musk/blob/main/Elon-Musk-Walter-Isaacson-423.pdf
link,1,https://sktoushi.github.io/ref/viewer.html?&fileName=nihongo-sou-matome-n2-134-157.pdf&startIdx=1&endIdx=24
link,1,https://takoboto.jp/?w=1008790
link,1,https://github.com/cjcaf1995/PM-step-by-step/issues/1
link,1,https://sktoushi.github.io/ref2409/viewer.html?&fileName=why-we-buy-101-200.pdf&startIdx=1&endIdx=100
link,1,https://sktoushi.github.io/ref/viewer.html?&fileName=Shin-kanzen-masuta-bunpo-n3-171-174.pdf&startIdx=1&endIdx=4
link,1,https://github.com/sktoushi/stash2/issues/74
link,1,https://github.com/sktoushi/stash2/issues/56
link,1,https://github.com/sktoushi/stash2/issues/128
link,1,https://apod.nasa.gov/apod/astropix.html
link,1,https://github.com/sktoushi/stash2/issues/97
link,1,https://sktoushi.github.io/ref/viewer.html?&fileName=Practical-Business-Japanese-111-120.pdf&startIdx=1&endIdx=10
link,1,https://github.com/cjcaf1995/steve-jobs/blob/main/Steve%20Jobs-By-Walter-Isaacson-254.pdf
link,1,https://github.com/sktoushi/Psych-Skills-Influence-People-Mind-Control-NLP/blob/main/Psych-Skills-Influence-People-Mind-Control-NLP-323.pdf
link,1,https://www.instagram.com/reel/C_nTCogIrKc/?igsh=MTU2ZWhxcmU5cXluZQ==
link,1,https://github.com/cjcaf1995/thinking-strategically/blob/main/thinking-strategically-44.pdf
link,1,https://github.com/cjcaf1995/The-Lean-Six-Sigma-Black-Belt-Handbook/blob/main/The-Lean-Six-Sigma-Black-Belt-Handbook-112.pdf
link,1,https://www.instagram.com/reel/C-85-VoylHr/?igsh=aHplcWxvMHV1MzI2
link,1,https://looptube.io/?videoId=jZdsGxZuxCM&start=317&end=406&rate=1
link,1,https://github.com/sktoushi/stash2/issues/51
link,1,https://looptube.io/?videoId=JiLa3tBXlpY&start=133&end=210&rate=1
link,1,https://github.com/cjcaf1995/Games-and-Information/blob/main/Games-and-Information-310.pdf
link,1,https://github.com/sktoushi/subliminal-psychology/blob/main/subliminal-psychology-43.pdf
link,1,https://sktoushi.github.io/ref/viewer.html?&fileName=Nihongo-email-no-kakikata-50-56.pdf&startIdx=1&endIdx=7
link,1,https://youtube.com/shorts/j9pfdT76yC4?si=G6NwBZ_rvYbuaIZv
link,1,https://github.com/sktoushi/stash2/issues/133
link,1,https://sktoushi.github.io/ref/viewer.html?&fileName=Shin-kanzen-masuta-bunpo-n3-101-104.pdf&startIdx=1&endIdx=4
link,1,https://github.com/cjcaf1995/PM-step-by-step/blob/main/PM-step-by-step-180.pdf
link,1,https://sktoushi.github.io/ref/viewer.html?&fileName=Wakaru-Bijinesu-Nihongo-121-135.pdf&startIdx=1&endIdx=15
link,1,https://www.instagram.com/p/C_PmRJQSwci/?igsh=MXI1bnMzb3loMW8yNA==
link,1,https://www.instagram.com/reel/C_b93TFpWrQ/?igsh=MWgzbG5tZGl4ZzhsMw==
link,1,https://github.com/cjcaf1995/steve-jobs/blob/main/Steve%20Jobs-By-Walter-Isaacson-443.pdf
link,1,https://youtube.com/shorts/TpUDERYC4tU?si=PoCr0UKd2ROl1eCr
link,1,https://sktoushi.github.io/ref/viewer.html?&fileName=Nihongo-email-no-kakikata-29-35.pdf&startIdx=1&endIdx=7
link,1,https://github.com/sktoushi/stash2/issues/115
link,1,https://sktoushi.github.io/ref/viewer.html?&fileName=Wakaru-Bijinesu-Nihongo-61-75.pdf&startIdx=1&endIdx=15
link,1,https://github.com/sktoushi/stash2/issues/308
link,1,https://sktoushi.github.io/ref/viewer.html?&fileName=The-Chinese-Mafia-Organized-Crime-Corruption-and-Extra-Legal-Protection-1-273.pdf&startIdx=1&endIdx=273
link,1,https://github.com/cjcaf1995/stash/issues/4347
link,1,https://looptube.io/?videoId=0gWrsF2v7RU&start=203&end=258&rate=1
link,1,https://github.com/cjcaf1995/code-complete/blob/main/CodeComplete_page-0547.jpg
link,1,https://looptube.io/?videoId=jZdsGxZuxCM&start=125&end=140&rate=1
link,1,https://github.com/cjcaf1995/stash/issues/349
link,1,https://github.com/cjcaf1995/Learning-Agile-Understanding-Scrum-XP-Lean-and-Kanban/issues/1
link,1,https://sktoushi.github.io/su/240824-Stock_Index_Futures.html
link,1,https://youtube.com/shorts/xzT3ztQz6Ww?si=CFA2M6BZK5HYBqQ2
link,1,https://github.com/sktoushi/stash2/blob/main/240923-02-gt.md#4.2-subgame-perfect-equilibrium-spe
link,1,https://looptube.io/?videoId=JiLa3tBXlpY&start=210&end=300&rate=1
link,1,https://sktoushi.github.io/ref/viewer.html?&fileName=The-Rise-of-the-Mafia-The-Definitive-Story-of-Organized-Crime-1-402.pdf&startIdx=1&endIdx=402
link,1,https://www.instagram.com/reel/C9CpWNlNudY/?igsh=Y3RlcjFzbnk0cGs0
link,1,https://sktoushi.github.io/ref2410/viewer.html?&fileName=competition-demystified-1-183.pdf&startIdx=1&endIdx=183
link,1,https://sktoushi.github.io/su/bucket.html?target=bucket-mathematicians-delight-p1
link,1,https://sktoushi.github.io/ref/viewer.html?&fileName=Shin-kanzen-masuta-bunpo-n3-69-72.pdf&startIdx=1&endIdx=4
link,1,https://github.com/cjcaf1995/moneybankingfinance/blob/main/MoneyBankingInternationalFinance_page-0137.jpg
link,1,https://takoboto.jp/?w=1555970
link,1,https://youtube.com/shorts/ZH7f890sbpM?si=BrMHR_dYC0T2lwrE
link,1,https://github.com/sktoushi/stash2/issues/76
link,1,https://github.com/sktoushi/stash2/issues/320
link,1,https://github.com/cjcaf1995/macroeconfinance/blob/main/MacroeconomicsAndTheFinancialSystem_page-0350.jpg
link,1,https://github.com/cjcaf1995/kahneman-mix/blob/main/thinking-fast-and-slow-277.jpg
link,1,https://sktoushi.github.io/ref2409/viewer.html?&fileName=The-Persuasion-Code-How-Neuromarketing-Can-Help-You-Persuade-Anyone-Anywhere-Anytime-1-100.pdf&startIdx=1&endIdx=100
link,1,https://sktoushi.github.io/ref/viewer.html?&fileName=Spycraft-Manual-The-Insider's-Guide-to-Espionage-Techniques-180-191.pdf&startIdx=1&endIdx=11
link,1,https://sktoushi.github.io/ref/viewer.html?&fileName=The-Spy-Chronicles-RAW-ISI-and-the-Illusion-of-Peace-255.pdf&startIdx=1&endIdx=255
link,1,https://youtu.be/kJyz0KtUUiU?si=-NSrfiA0NJR5SbqT
link,1,https://sktoushi.github.io/ref2410/viewer.html?&fileName=plato-the_republic-1-484.pdf&startIdx=1&endIdx=484
link,1,https://looptube.io/?videoId=HJutASB20f0&start=576&end=630&rate=1
link,1,https://github.com/sktoushi/stash2/blob/ref2409/neighborhood_watch.txt
link,1,https://sktoushi.github.io/su/bucket.html?target=bucket-Kwaidan-Stories-and-Studies-of-Strange-Things
link,1,https://github.com/sktoushi/stash2/issues/92
link,1,https://sktoushi.github.io/ref/viewer.html?&fileName=nihongo-sou-matome-n2-78-84.pdf&startIdx=1&endIdx=7
link,1,https://sktoushi.github.io/ref/viewer.html?&fileName=Shin-kanzen-masuta-bunpo-n3-77-80.pdf&startIdx=1&endIdx=4
link,1,https://looptube.io/?videoId=cq1xaqfhQBs&start=109&end=148&rate=1
link,1,https://github.com/sktoushi/Psych-Skills-Influence-People-Mind-Control-NLP/issues/1
link,1,https://youtube.com/shorts/W6da2RYMiuA?si=J_8EKK1wlLj8t76V
link,1,https://github.com/cjcaf1995/rise-of-modern-chinese-thought/issues/1
link,1,https://github.com/cjcaf1995/The-Theory-of-Gambling-and-Statistical-Logic/issues/1
link,1,https://sktoushi.github.io/ref/viewer.html?&fileName=nihongo-sou-matome-n2-36-42.pdf&startIdx=1&endIdx=7
link,1,https://sktoushi.github.io/ref/viewer.html?&fileName=money-laundering-a-guide-for-criminal-investigators-1-421.pdf&startIdx=1&endIdx=421
link,1,https://github.com/cjcaf1995/stash/issues/4395
link,1,https://github.com/cjcaf1995/Financial_Accounting_IFRS-P1/issues/1
link,1,https://sktoushi.github.io/ref/viewer.html?&fileName=Shin-kanzen-masuta-bunpo-n3-45-48.pdf&startIdx=1&endIdx=4
link,1,https://looptube.io/?videoId=Vlcmr36tCoE&start=387&end=491&rate=1
link,1,https://sktoushi.github.io/ref/viewer.html?&fileName=Shin-kanzen-masuta-bunpo-n3-113-116.pdf&startIdx=1&endIdx=4
link,1,https://takoboto.jp/?w=2836285
link,1,https://sktoushi.github.io/ref/viewer.html?&fileName=double-your-dating-1-148.pdf&startIdx=1&endIdx=148
link,1,https://youtube.com/shorts/dX5AzBWufjw?si=3KbT19p2Oqf74YTb
link,1,https://www.instagram.com/hedgefundguys/reel/C_nTCogIrKc/
link,1,https://sktoushi.github.io/ref2409/viewer.html?&fileName=the-secret-codes-1-298.pdf&startIdx=1&endIdx=298
link,1,https://looptube.io/?videoId=z6AMAIxEOBQ&start=16&end=90&rate=1
link,1,https://sktoushi.github.io/ref/viewer.html?&fileName=handbook-of-anti-money-laundering-1-754.pdf&startIdx=1&endIdx=754
link,1,https://sktoushi.github.io/ref2410/viewer.html?&fileName=Marcus-Aurelius-Meditations-1-128.pdf&startIdx=1&endIdx=128
link,1,https://sktoushi.github.io/ref2409/viewer.html?&fileName=freakonomics-1-188.pdf&startIdx=1&endIdx=188
link,1,https://github.com/sktoushi/stash2/blob/main/240923-02-gt.md#6.3-mechanism-design
link,1,https://github.com/cjcaf1995/public-repo/issues/3104
link,1,https://github.com/cjcaf1995/The-Lean-Six-Sigma-Black-Belt-Handbook/blob/main/The-Lean-Six-Sigma-Black-Belt-Handbook-106.pdf
link,1,https://sktoushi.github.io/ref/viewer.html?&fileName=Shin-kanzen-masuta-bunpo-n3-89-92.pdf&startIdx=1&endIdx=4
link,1,https://github.com/sktoushi/stash2/blob/main/2409-03-challenger.md#6-legacy-of-a-disaster
link,1,https://github.com/cjcaf1995/Agile-Processes/issues/1
link,1,https://github.com/cjcaf1995/aristotle-mix/blob/main/nicomachean-ethics-043.jpg
link,1,https://github.com/cjcaf1995/history-of-economic-thought/blob/main/History%20of%20Economic%20Thought%20-%20Modern%20Economics_page-0159.jpg
link,1,https://looptube.io/?videoId=0gWrsF2v7RU&start=55&end=84&rate=1
link,1,https://github.com/cjcaf1995/supercommunicators/blob/main/Supercommunicators_How_to_Unlock_the_Secret_Language_of_Connection_Charles_Duhigg-99.pdf
link,1,https://github.com/sktoushi/stash2/blob/ref2409/240904-1350-Business_Meetings_and_Signaling.txt
link,1,https://sktoushi.github.io/ref/viewer.html?&fileName=Spy-Secrets-That-Can-Save-Your-Life-A-Former-CIA-Officer-Reveals-241.pdf&startIdx=1&endIdx=241
link,1,https://sktoushi.github.io/ref2409/viewer.html?&fileName=social-life-1-201.pdf&startIdx=1&endIdx=201
link,1,https://github.com/sktoushi/stash2/blob/main/240923-02-procrustes.md#the-imagination-of-the-genius
link,1,https://www.instagram.com/reel/C8M_Q5Ug6kh/?igsh=MWNwYnc3MnM5Z3AwYQ==
link,1,https://github.com/cjcaf1995/Financial_Accounting_IFRS-P1/blob/main/Financial_Accounting_IFRS-P1_page-0286.jpg
link,1,https://github.com/cjcaf1995/MAPPING-AGILE-PROJECT-MANAGEMENT-PRACTICES/blob/main/MAPPING-AGILE-PROJECT-MANAGEMENT-PRACTICES-38.pdf
link,1,https://www.instagram.com/reel/C7dyVa8IwxA/?igsh=MTdibXRld3ZwZmhxMw==
link,1,https://youtube.com/shorts/vzM-f3jNI5Q?si=TvrkbWBAwv9VxJ9r
link,1,https://github.com/cjcaf1995/games-of-strategy-dixit/blob/main/games-of-strategy-dixit-436.pdf
link,1,https://github.com/sktoushi/stash2/issues/131
link,1,https://github.com/sktoushi/stash2/issues/363
link,1,https://sktoushi.github.io/ref/viewer.html?&fileName=Nihongo-email-no-kakikata-78-84.pdf&startIdx=1&endIdx=7
link,1,https://github.com/sktoushi/stash2/issues/77
link,1,https://sktoushi.github.io/ref/viewer.html?&fileName=Spy-Book-The-Encyclopedia-of-Espionage-595-627.pdf&startIdx=1&endIdx=33
link,1,https://github.com/cjcaf1995/Game-Theory/blob/main/Game-Theory-196.pdf
link,1,https://sktoushi.github.io/ref2409/viewer.html?&fileName=boundaries-1-357.pdf&startIdx=1&endIdx=357
link,1,https://takoboto.jp/?w=1190830
link,1,https://sktoushi.github.io/ref/viewer.html?&fileName=Wakaru-Bijinesu-Nihongo-106-120.pdf&startIdx=1&endIdx=15
link,1,https://github.com/sktoushi/stash2/blob/main/240923-02-procrustes.md#the-ideal-trivium-education
link,1,https://sktoushi.github.io/ref/viewer.html?&fileName=nihongo-sou-matome-n2-8-14.pdf&startIdx=1&endIdx=7
link,1,https://sktoushi.github.io/ref/viewer.html?&fileName=Nihongo-email-no-kakikata-22-28.pdf&startIdx=1&endIdx=7
link,1,https://www.instagram.com/reel/C_ltlYdBquF/?igsh=ajRvY3hkaDQ5YW9r
link,1,https://github.com/sktoushi/stash2/issues/46
link,1,https://github.com/cjcaf1995/stash/issues/4391
link,1,https://sktoushi.github.io/ref/viewer.html?&fileName=all-is-clouded-by-desire-global-banking-money-laundering-and-international-organized-crime-1-779.pdf&startIdx=1&endIdx=779
link,1,https://youtube.com/shorts/XIqUFdE22ck?si=jvnlQE-Q-C9r6xo8
link,1,https://github.com/cjcaf1995/Business-Analysis-Methodology-Lean/blob/main/Business-Analysis-Methodology-Lean-20.pdf
link,1,https://youtube.com/shorts/xCxDAs5OhjM?si=W5YkOue6QEJRuHTb
link,1,https://sktoushi.github.io/ref/viewer.html?&fileName=Spy-Book-The-Encyclopedia-of-Espionage-34-66.pdf&startIdx=1&endIdx=33
link,1,https://github.com/sktoushi/stash2/issues/261
link,1,https://github.com/sktoushi/stash2/blob/main/240923-02-gt.md#3.2-simultaneous-vs-sequential-games
link,1,https://github.com/cjcaf1995/stash/issues/511
link,1,https://github.com/cjcaf1995/macroeconfinance/issues/1
link,1,https://github.com/sktoushi/stash2/blob/ref2409/240904-1350-Family_Values_and_Signaling.txt
link,1,https://sktoushi.github.io/ref/viewer.html?&fileName=Spy-Book-The-Encyclopedia-of-Espionage-199-231.pdf&startIdx=1&endIdx=33
link,1,https://github.com/sktoushi/stash2/issues/59
link,1,https://github.com/sktoushi/the-compound-effect/issues/1
link,1,https://www.instagram.com/reel/C-lHYBFCkIN/?igsh=MWRpNW4xaXI5eDVpaQ%3D%3D
link,1,https://looptube.io/?videoId=0gWrsF2v7RU&start=464&end=505&rate=1
link,1,https://sktoushi.github.io/ref2409/viewer.html?&fileName=The-Persuasion-Code-How-Neuromarketing-Can-Help-You-Persuade-Anyone-Anywhere-Anytime-101-200.pdf&startIdx=1&endIdx=100
link,1,https://github.com/sktoushi/stash2/issues/185
link,1,https://looptube.io/?videoId=jZdsGxZuxCM&start=140&end=195&rate=1
link,1,https://sktoushi.github.io/ref/viewer.html?&fileName=Wakaru-Bijinesu-Nihongo-91-105.pdf&startIdx=1&endIdx=15
link,1,https://sktoushi.github.io/ref/viewer.html?&fileName=Spy-Book-The-Encyclopedia-of-Espionage-331-363.pdf&startIdx=1&endIdx=33
link,1,https://github.com/sktoushi/stash2/blob/main/240923-02-gt.md#4.1-nash-equilibrium
link,1,https://github.com/sktoushi/sutashu/issues/25
link,1,https://github.com/cjcaf1995/Scrum-Master-Training-Manual/issues/1
link,1,https://www.instagram.com/reel/C-qYXzzRxyp/?igsh=MWMwMzlra280cXF0bg==
link,1,https://github.com/sktoushi/stash2/blob/main/240923-02-procrustes.md#happiness
link,1,https://youtube.com/shorts/IdcBFIEJMh8?si=ACtT-Ev3V7E1AYH9
link,1,https://github.com/cjcaf1995/Project-Management-ToolBox/blob/main/Project%20Management%20ToolBox-81.pdf
link,1,https://sktoushi.github.io/ref/viewer.html?&fileName=Practical-Business-Japanese-101-110.pdf&startIdx=1&endIdx=10
link,1,https://github.com/cjcaf1995/5smeaning0915-five-star/issues/7
link,1,https://sktoushi.github.io/ref/viewer.html?&fileName=Boss-of-Bosses-A-Journey-into-the-Heart-of-the-Sicilian-Mafia-1-293.pdf&startIdx=1&endIdx=293
link,1,https://www.instagram.com/reel/C-r2TrCgLB4/
link,1,https://youtube.com/shorts/GDoJ-5wgOB8?si=yTKuxP06m5vHeJui
link,1,https://github.com/cjcaf1995/Scrum-Master-Certkiller/issues/1
link,1,https://github.com/cjcaf1995/stash/issues/294
link,1,https://sktoushi.github.io/ref/viewer.html?&fileName=dirty-dealing-the-untold-truth-about-global-money-laundering-international-crime-and-terrorism-1-241.pdf&startIdx=1&endIdx=241
link,1,https://github.com/sktoushi/stash2/blob/main/240923-02-gt.md#3.1-cooperative-vs-non-cooperative-games
link,1,https://github.com/sktoushi/stash2/issues/113
link,1,https://github.com/cjcaf1995/The-Basics-of-Finance/issues/1
link,1,https://looptube.io/?videoId=jZdsGxZuxCM&start=685&end=818&rate=1
link,1,https://sktoushi.github.io/ref/viewer.html?&fileName=Spy-Book-The-Encyclopedia-of-Espionage-430-462.pdf&startIdx=1&endIdx=33
link,1,https://github.com/sktoushi/stash2/issues/30
link,1,https://github.com/sktoushi/learn-handwriting-analysis-10mins-a-day/issues/1
link,1,https://sktoushi.github.io/ref/viewer.html?&fileName=A-Dictionary-of-Basic-Japanese-Grammar-1-161.pdf&startIdx=1&endIdx=161
link,1,https://sktoushi.github.io/ref/viewer.html?&fileName=Shin-kanzen-masuta-bunpo-n3-145-148.pdf&startIdx=1&endIdx=4
link,1,https://github.com/cjcaf1995/Business-Analysis-Methodology-Lean/issues/1
link,1,https://github.com/cjcaf1995/Managerial-Economics/issues/1
link,1,https://looptube.io/?videoId=686ztUBxG4g&start=292&end=343&rate=1
link,1,https://youtube.com/shorts/Wo_XT1T5DJk?si=yx4uHpmSztQeIenu
link,1,https://github.com/sktoushi/The-Secrets-of-Your-Handwriting/blob/main/The-Secrets-of-Your-Handwriting-82.pdf
link,1,https://github.com/sktoushi/stash2/issues/98
link,1,https://github.com/cjcaf1995/Construction-Project-Management/blob/main/Construction-Project-Management-95.pdf
link,1,https://github.com/sktoushi/stash2/issues/152
link,1,https://github.com/sktoushi/stash2/issues/110
link,1,https://sktoushi.github.io/ref/viewer.html?&fileName=Shin-kanzen-masuta-bunpo-n3-149-152.pdf&startIdx=1&endIdx=4
link,1,https://sktoushi.github.io/su/240824-Inflation_Wealth_Redistribution.html
link,1,https://github.com/sktoushi/how-to-win-every-argument/issues/1
link,1,https://github.com/cjcaf1995/macroeconomics/blob/main/Macroeconomics-Mankiw_page-0471.jpg
link,1,https://sktoushi.github.io/ref/viewer.html?&fileName=Nihongo-Business-Bunsho-Manual-1-72.pdf&startIdx=1&endIdx=72
link,1,https://sktoushi.github.io/ref/viewer.html?&fileName=Spy-Handler-Memoir-of-a-KGB-Officer-The-True-Story-317.pdf&startIdx=1&endIdx=317
link,1,https://github.com/cjcaf1995/influence-cialdini/issues/1
link,1,https://github.com/cjcaf1995/stash/issues/130
link,1,https://youtube.com/shorts/w5qqtxSxue8?si=w_xCGu28f5KhyWOT
link,1,https://sktoushi.github.io/ref2410/viewer.html?&fileName=Good-Strategy-Bad Strategy-1-246.pdf&startIdx=1&endIdx=246
link,1,https://sktoushi.github.io/ref/viewer.html?&fileName=Shin-kanzen-masuta-bunpo-n3-85-88.pdf&startIdx=1&endIdx=4
link,1,https://sktoushi.github.io/ref/viewer.html?&fileName=Practical-Business-Japanese-81-90.pdf&startIdx=1&endIdx=10
link,1,https://sktoushi.github.io/ref/viewer.html?&fileName=Shin-kanzen-masuta-bunpo-n3-121-124.pdf&startIdx=1&endIdx=4
link,1,https://github.com/cjcaf1995/macroeconomics/blob/main/Macroeconomics-Mankiw_page-0513.jpg
link,1,https://sktoushi.github.io/ref/viewer.html?&fileName=A-Perfect-Spy-505.pdf&startIdx=1&endIdx=505
link,1,https://sktoushi.github.io/ref/viewer.html?&fileName=nihongo-sou-matome-n2-57-63.pdf&startIdx=1&endIdx=7
link,1,https://sktoushi.github.io/su/240822-kotonashiniwa.html
link,1,https://sktoushi.github.io/ref2409/viewer.html?&fileName=Body-Language-Secrets-A-Guide-During-Courtship-and-Dating-1-107.pdf&startIdx=1&endIdx=107
link,1,https://github.com/cjcaf1995/elon-musk/blob/main/Elon-Musk-Walter-Isaacson-114.pdf
link,1,https://sktoushi.github.io/ref/viewer.html?&fileName=Inside-the-CIA-Revealing-the-Secrets-of-the-Worlds-Most-Powerful-Spy-Agency-379.pdf&startIdx=1&endIdx=379
link,1,https://github.com/sktoushi/stash2/issues/136
link,1,https://github.com/cjcaf1995/stash/issues/4299
link,1,https://sktoushi.github.io/ref2409/viewer.html?&fileName=Without-Saying-a-Word-Master-the-Science-of-Body-Language-and-Maximize-Your-Success-1-257.pdf&startIdx=1&endIdx=257
link,1,https://github.com/cjcaf1995/PM-Prince2/issues/1
link,1,https://github.com/sktoushi/stash2/issues/87
link,1,https://github.com/sktoushi/stash2/blob/main/240923-02-gt.md#5.2-battle-of-the-sexes
link,1,https://looptube.io/?videoId=cq1xaqfhQBs&start=201&end=274&rate=1
link,1,https://github.com/cjcaf1995/stash/issues/3040
link,1,https://sktoushi.github.io/ref/viewer.html?&fileName=Trade-Based-Money-Laundering-1-257.pdf&startIdx=1&endIdx=257
link,1,https://github.com/cjcaf1995/listening/blob/main/Screen_Recording_20240715_072355_Chrome.mp4
link,1,https://github.com/cjcaf1995/public-repo/issues/1061
link,1,https://github.com/sktoushi/stash2/issues/108
link,1,https://sktoushi.github.io/ref2409/viewer.html?&fileName=the-power-of-habit-1-386.pdf&startIdx=1&endIdx=386
link,1,https://sktoushi.github.io/ref/viewer.html?&fileName=Spy-Book-The-Encyclopedia-of-Espionage-166-198.pdf&startIdx=1&endIdx=33
link,1,https://youtube.com/shorts/W55bsGFbskM?si=gmDLVLkSyN4HJDsl
link,1,https://looptube.io/?videoId=cq1xaqfhQBs&start=274&end=372&rate=1
link,1,https://github.com/cjcaf1995/Managerial-Economics/blob/main/Managerial%20Economics_page-0633.jpg
link,1,https://sktoushi.github.io/ref/viewer.html?&fileName=The-Spy-Chronicles-255.pdf&startIdx=1&endIdx=255
link,1,https://github.com/cjcaf1995/Elements-of-Mercantile-Law/issues/1
link,1,https://tatoeba.org/en/sentences/show/jpn
link,1,https://github.com/sktoushi/The-Secrets-of-Your-Handwriting/blob/main/The-Secrets-of-Your-Handwriting-83.pdf
link,1,https://sktoushi.github.io/ref2409/viewer.html?&fileName=240924-notes-1-4.pdf&startIdx=1&endIdx=4
link,1,https://github.com/cjcaf1995/Learning-Agile-Understanding-Scrum-XP-Lean-and-Kanban/blob/main/Learning-Agile-Understanding-Scrum-XP-Lean-and-Kanban-327.pdf
link,1,https://sktoushi.github.io/su/20240824-JusticeTelosHonor.html
link,1,https://github.com/cjcaf1995/Strategy-Game-Theory/blob/main/Strategy-Game-Theory-113.pdf
link,1,https://github.com/cjcaf1995/capital-markets-financial-management/blob/main/Capital%20Markets,%20Financial%20Management_page-0425.jpg
link,1,https://github.com/cjcaf1995/elon-musk/blob/main/Elon-Musk-Walter-Isaacson-145.pdf
link,1,https://github.com/sktoushi/stash2/issues/101
link,1,https://sktoushi.github.io/ref2409/viewer.html?&fileName=book-of-politeness-1-150.pdf&startIdx=1&endIdx=150
link,1,https://github.com/cjcaf1995/public-repo/issues/230
link,1,https://github.com/sktoushi/stash2/issues/116
link,1,https://sktoushi.github.io/ref2409/viewer.html?&fileName=why-we-buy-201-303.pdf&startIdx=1&endIdx=103
link,1,https://github.com/cjcaf1995/International-Economics/blob/main/Dominick%20Salvatore-International%20Economics_page-0272.jpg
link,1,https://github.com/cjcaf1995/knowledge-bank/issues/271
link,1,https://looptube.io/?videoId=686ztUBxG4g&start=16&end=98&rate=1
link,1,https://www.instagram.com/reel/C_MdBSGvVXo/?igsh=d2xmcjQzNmRzcDEz
link,1,https://github.com/cjcaf1995/The-Art-of-Scrum-How-Scrum-Masters-Bind-Dev-Teams/blob/main/The-Art-of-Scrum-How-Scrum-Masters-Bind-Dev-Teams-166.pdf
link,1,https://www.instagram.com/reel/C_FJRfogIwF/?igsh=cmNyaDYwaG55aWJm
link,1,https://github.com/sktoushi/stash2/issues/425
link,1,https://www.instagram.com/reel/C82xkpvOVdP/?igsh=MTNvY3ltcnNxY3llbw==
link,1,https://sktoushi.github.io/ref/viewer.html?&fileName=nihongo-sou-matome-n2-64-70.pdf&startIdx=1&endIdx=7
link,1,https://github.com/sktoushi/stash2/issues/111
link,1,https://sktoushi.github.io/ref/viewer.html?&fileName=Spycraft-Manual-The-Insider's-Guide-to-Espionage-Techniques-41-60.pdf&startIdx=1&endIdx=20
link,1,https://github.com/cjcaf1995/tae-kim-grammar-guide/issues/1
link,1,https://github.com/cjcaf1995/stash/issues/4269
link,1,https://sktoushi.github.io/ref/viewer.html?&fileName=Nihongo-email-no-kakikata-64-70.pdf&startIdx=1&endIdx=7
link,1,https://github.com/sktoushi/stash2/issues/48
link,1,https://github.com/cjcaf1995/game-theory-econ/issues/1
link,1,https://github.com/cjcaf1995/Principles-of-Agricultural-Economics/blob/main/Principles%20of%20Agricultural%20Economics_page-0224.jpg
link,1,https://github.com/cjcaf1995/stash/issues/248
link,1,https://github.com/sktoushi/stash2/issues/57
link,1,https://sktoushi.github.io/ref2409/viewer.html?&fileName=incerto-nassim-285-426.pdf&startIdx=1&endIdx=142
link,1,https://github.com/cjcaf1995/economics-for-investment-decision-makers/blob/main/Economics%20for%20Investment%20Decision%20Makers_page-0182.jpg
link,1,https://github.com/cjcaf1995/Principles-of-Agricultural-Economics/issues/1
link,1,https://github.com/sktoushi/stash2/issues/55
link,1,https://github.com/sktoushi/stash2/blob/main/2409-01%20Antifragile.md#1-on-the-virtue-of-non-predictability
link,1,https://www.instagram.com/reel/C_QecBLqHFz/?igsh=bmE4NnJseTFjcno=
link,1,https://sktoushi.github.io/ref2409/viewer.html?&fileName=the-laws-of-human-nature-1-690.pdf&startIdx=1&endIdx=690
link,1,https://github.com/sktoushi/stash2/issues/121
link,1,https://github.com/sktoushi/The-Secrets-of-Your-Handwriting/blob/main/The-Secrets-of-Your-Handwriting-88.pdf
link,1,https://www.instagram.com/reel/C_H7z2zvDrP/?igsh=MWR2OWc3MG1oYXdnOQ==
link,1,https://github.com/sktoushi/stash2/issues/72
link,1,https://youtube.com/shorts/UC7EXK4uKwA?si=Mdk7uzMlXlqBo0v7
link,1,https://sktoushi.github.io/ref2409/viewer.html?&fileName=strategy-1-380.pdf&startIdx=1&endIdx=380
link,1,https://github.com/cjcaf1995/stash/issues/141
link,1,https://sktoushi.github.io/ref2410/viewer.html?&fileName=The-Lean-Startup-Erick-Ries-1-296.pdf&startIdx=1&endIdx=296
link,1,https://sktoushi.github.io/su/20240824-FactorPriceDetermination.html
link,1,https://sktoushi.github.io/ref/viewer.html?&fileName=Shin-kanzen-masuta-bunpo-n3-109-112.pdf&startIdx=1&endIdx=4
link,1,https://youtube.com/shorts/8l04lAM4fXw?si=hN8AWFLnHnFhR4tK
link,1,https://sktoushi.github.io/su/240823-Human_Capital_Wages_QnA_Randomizer_Body_Complete.html
link,1,https://github.com/cjcaf1995/moneybankingfinance/blob/main/MoneyBankingInternationalFinance_page-0020.jpg
link,1,https://sktoushi.github.io/ref2409/viewer.html?&fileName=incerto-nassim-1279-1421.pdf&startIdx=1&endIdx=143
link,1,https://sktoushi.github.io/ref/viewer.html?&fileName=Shin-kanzen-masuta-bunpo-n3-105-108.pdf&startIdx=1&endIdx=4
link,1,https://github.com/cjcaf1995/Project-Management-and-Leadership-Skills/issues/1
link,1,https://github.com/sktoushi/stash2/blob/main/2409-03-challenger.md#4-boom-goes-the-rocket
link,1,https://github.com/cjcaf1995/Managerial-Economics/blob/main/Managerial%20Economics_page-0121.jpg
link,1,https://sktoushi.github.io/ref/viewer.html?&fileName=Practical-Business-Japanese-171-180.pdf&startIdx=1&endIdx=10
link,1,https://sktoushi.github.io/ref2409/viewer.html?&fileName=hooked-how-to-build-habit-forming-products-1-300.pdf&startIdx=1&endIdx=300
link,1,https://sktoushi.github.io/ref/viewer.html?&fileName=Practical-Business-Japanese-191-203.pdf&startIdx=1&endIdx=13
link,1,https://www.instagram.com/reel/C_8vUvbCAkE/?igsh=MTdkZzBubmtqYjd0cA==
link,1,https://sktoushi.github.io/ref2409/viewer.html?&fileName=240909-notes-1-14.pdf&startIdx=1&endIdx=14
link,1,https://github.com/sktoushi/stash2/blob/ref2409/retirement_plan.txt
link,1,https://github.com/sktoushi/stash2/blob/main/240923-02-gt.md#5.4-stag-hunt
link,1,https://github.com/cjcaf1995/influence-cialdini/blob/main/Influence%20The%20Psychology%20of%20Persuasion_page-0189.jpg
