link,1,https://youtu.be/KbB0FjPg0mw?list=PL2SOU6wwxB0uwwH80KTQ6ht66KWxbzTIo,9
link,1,https://youtu.be/FJd_1H3rZGg?list=PL2SOU6wwxB0uwwH80KTQ6ht66KWxbzTIo,9
link,1,https://youtu.be/LZ5Wergp_PA?list=PL2SOU6wwxB0uwwH80KTQ6ht66KWxbzTIo,10
link,1,https://youtu.be/P7NE4WF8j-Q?list=PL2SOU6wwxB0uwwH80KTQ6ht66KWxbzTIo,10
link,1,https://youtu.be/JzDvVgNDxo8?list=PL2SOU6wwxB0uwwH80KTQ6ht66KWxbzTIo,10
link,1,https://youtu.be/fDcjhAKuhqQ?list=PL2SOU6wwxB0uwwH80KTQ6ht66KWxbzTIo,10
link,1,https://youtu.be/PNrqCdslGi4?list=PL2SOU6wwxB0uwwH80KTQ6ht66KWxbzTIo,10
link,1,https://youtu.be/k2BB0p8byGA?list=PL2SOU6wwxB0uwwH80KTQ6ht66KWxbzTIo,10
link,1,https://youtu.be/LX2q356N2rU?list=PL2SOU6wwxB0uwwH80KTQ6ht66KWxbzTIo,10
link,1,https://youtu.be/P1fSFvhPf7Q?list=PL2SOU6wwxB0uwwH80KTQ6ht66KWxbzTIo,10
link,1,https://youtu.be/TD1N4hxqMzY?list=PL2SOU6wwxB0uwwH80KTQ6ht66KWxbzTIo,8
link,1,https://youtu.be/Tci---bVs60?list=PL2SOU6wwxB0uwwH80KTQ6ht66KWxbzTIo,10
link,1,https://youtu.be/72QjzHnYvL0?list=PL2SOU6wwxB0uwwH80KTQ6ht66KWxbzTIo,10
link,1,https://youtu.be/9vp1Ll2NpRw?list=PL2SOU6wwxB0uwwH80KTQ6ht66KWxbzTIo,10
link,1,https://youtu.be/yFRZf81sB5k?list=PL2SOU6wwxB0uwwH80KTQ6ht66KWxbzTIo,8
link,1,https://youtu.be/bM6nFDjvEns?list=PL2SOU6wwxB0uwwH80KTQ6ht66KWxbzTIo,4
link,1,https://youtu.be/N8O6zd6vTZ8?list=PL2SOU6wwxB0uwwH80KTQ6ht66KWxbzTIo,10
link,1,https://youtu.be/tVDdx6xUOcs?list=PL2SOU6wwxB0uwwH80KTQ6ht66KWxbzTIo,5
link,1,https://youtu.be/J70dP_AECzQ?list=PL2SOU6wwxB0uwwH80KTQ6ht66KWxbzTIo,5
link,1,https://youtu.be/xiVWNkQUqKk?list=PL2SOU6wwxB0uwwH80KTQ6ht66KWxbzTIo,10
link,1,https://youtu.be/IujCYxtpszU?list=PL2SOU6wwxB0uwwH80KTQ6ht66KWxbzTIo,10
link,1,https://youtu.be/yXwPUAIvFyg?list=PL2SOU6wwxB0uwwH80KTQ6ht66KWxbzTIo,9
link,1,https://youtu.be/UZjlBQbV1KU?list=PL2SOU6wwxB0uwwH80KTQ6ht66KWxbzTIo,10
link,1,https://youtu.be/Qjeswpm0cWY?list=PL2SOU6wwxB0uwwH80KTQ6ht66KWxbzTIo,9
link,1,https://youtu.be/2LR5JYbhyjg?list=PL2SOU6wwxB0uwwH80KTQ6ht66KWxbzTIo,9
link,1,https://youtu.be/PgawcWisb0I?list=PL2SOU6wwxB0uwwH80KTQ6ht66KWxbzTIo,9
link,1,https://youtu.be/gjBvCiRt8QA?list=PL2SOU6wwxB0uwwH80KTQ6ht66KWxbzTIo,10
link,1,https://youtu.be/UtXK_EQ3Pow?list=PL2SOU6wwxB0uwwH80KTQ6ht66KWxbzTIo,9
link,1,https://youtu.be/OprNqnHsVIA?list=PL2SOU6wwxB0uwwH80KTQ6ht66KWxbzTIo,10
link,1,https://youtu.be/MF-XSJOsGqw?list=PL2SOU6wwxB0uwwH80KTQ6ht66KWxbzTIo,9
link,1,https://youtu.be/8AJPs3gvNlY?list=PL2SOU6wwxB0uwwH80KTQ6ht66KWxbzTIo,9
link,1,https://youtu.be/aBGOyZv2pZE?list=PL2SOU6wwxB0uwwH80KTQ6ht66KWxbzTIo,9
link,1,https://youtu.be/Q-pCzTpwPBU?list=PL2SOU6wwxB0uwwH80KTQ6ht66KWxbzTIo,9
link,1,https://youtu.be/ChS3K2O-h7o?list=PL2SOU6wwxB0uwwH80KTQ6ht66KWxbzTIo,7
link,1,https://youtu.be/dzFf3r1yph8,3
