link,1,https://youtu.be/HdHlfiOAJyE?list=PLUl4u3cNGP63B2lDhyKOsImI7FjCf6eDW,13
link,1,https://youtu.be/U03Md5enU-0?list=PLUl4u3cNGP63B2lDhyKOsImI7FjCf6eDW,15
link,1,https://youtu.be/4F1J5Q3DiaI?list=PLUl4u3cNGP63B2lDhyKOsImI7FjCf6eDW,16
link,1,https://youtu.be/hyc8h5T76BE?list=PLUl4u3cNGP63B2lDhyKOsImI7FjCf6eDW,14
link,1,https://youtu.be/yrmqYNvvIzs?list=PLUl4u3cNGP63B2lDhyKOsImI7FjCf6eDW,16
link,1,https://youtu.be/AtT59jxU9es?list=PLUl4u3cNGP63B2lDhyKOsImI7FjCf6eDW,16
link,1,https://youtu.be/ZWKnK9LIETA?list=PLUl4u3cNGP63B2lDhyKOsImI7FjCf6eDW,15
link,1,https://youtu.be/cny-1yDbQno?list=PLUl4u3cNGP63B2lDhyKOsImI7FjCf6eDW,15
link,1,https://youtu.be/i_pLF9J3QPE?list=PLUl4u3cNGP63B2lDhyKOsImI7FjCf6eDW,16
link,1,https://youtu.be/IwA7nVEwqto?list=PLUl4u3cNGP63B2lDhyKOsImI7FjCf6eDW,16
link,1,https://youtu.be/rMsu4v-UlkA?list=PLUl4u3cNGP63B2lDhyKOsImI7FjCf6eDW,12
link,1,https://youtu.be/Q2qjnLO3I_M?list=PLUl4u3cNGP63B2lDhyKOsImI7FjCf6eDW,13
link,1,https://youtu.be/tL7Lcl90Sc0?list=PLUl4u3cNGP63B2lDhyKOsImI7FjCf6eDW,16
link,1,https://youtu.be/J7d3vcaS9-o?list=PLUl4u3cNGP63B2lDhyKOsImI7FjCf6eDW,16
link,1,https://youtu.be/z2oQe6B1Qa4?list=PLUl4u3cNGP63B2lDhyKOsImI7FjCf6eDW,16
link,1,https://youtu.be/N8gtnbJuMoo?list=PLUl4u3cNGP63B2lDhyKOsImI7FjCf6eDW,15
link,1,https://youtu.be/JE80wLNIhjE?list=PLUl4u3cNGP63B2lDhyKOsImI7FjCf6eDW,16
link,1,https://youtu.be/sMKQywwkIjQ?list=PLUl4u3cNGP63B2lDhyKOsImI7FjCf6eDW,16
link,1,https://youtu.be/a5PF2PcElV0?list=PLUl4u3cNGP63B2lDhyKOsImI7FjCf6eDW,16
link,1,https://youtu.be/P03PfYgNjmw?list=PLUl4u3cNGP63B2lDhyKOsImI7FjCf6eDW,9
