link,300,https://sktoushi.github.io/su/bucket.html?target=bucket-ecclesiastes-matthew-henry
link,300,https://sktoushi.github.io/su/lc300.html?target=indexedDb-ecclesiastes.csv
link,300,https://sktoushi.github.io/su/lc300.html?target=indexedDb-ecclesiastes.csv
link,null,https://sktoushi.github.io/su/lc300.html?target=indexedDb-jp-sentences.csv
csv,null,skyway-main-2025.csv
link,null,https://sktoushi.github.io/su/lc300.html?target=indexedDb-memorized-verses.csv
link,300,https://sktoushi.github.io/su/lc300.html?target=indexedDB-proverbs-commentary.csv
link,300,https://sktoushi.github.io/su/lc300.html?target=indexedDb-ecclesiastes.csv
link,300,https://sktoushi.github.io/su/lc300.html?target=indexedDb-worldly-wisdom.csv
link,300,https://sktoushi.github.io/su/bucket.html?target=bucket-ecclesiastes-matthew-henry
link,300,https://sktoushi.github.io/su/bucket.html?target=bucket-proverbs-matthew-henry
link,125,https://sktoushi.github.io/su/bucket.html?target=bucket-Against-the-Academics-St-Augustine-volume1
link,125,https://sktoushi.github.io/su/bucket.html?target=bucket-On-Order-St-Augustine-volume3
link,125,https://sktoushi.github.io/su/bucket.html?target=bucket-On-the-Happy-Life-Saint-Augustine-volume2
link,125,https://sktoushi.github.io/su/bucket.html?target=bucket-soliloquies-volume4
link,1,https://sktoushi.github.io/su/lc300.html?target=indexedDB-proverbs-commentary.csv
link,1,https://sktoushi.github.io/su/lc300.html?target=indexedDb-ecclesiastes.csv
link,1,https://sktoushi.github.io/su/lc300.html?target=indexedDb-worldly-wisdom.csv
link,1,https://sktoushi.github.io/su/bucket.html?target=bucket-Against-the-Academics-St-Augustine-volume1
link,1,https://sktoushi.github.io/su/bucket.html?target=bucket-On-Order-St-Augustine-volume3
link,1,https://sktoushi.github.io/su/bucket.html?target=bucket-On-the-Happy-Life-Saint-Augustine-volume2
link,1,https://sktoushi.github.io/su/bucket.html?target=bucket-soliloquies-volume4
