link,1,https://sktoushi.github.io/su/bucket.html?target=bucket-The-Math-Hacker-p1
link,1,https://sktoushi.github.io/su/bucket.html?target=bucket-The-Math-Hacker-p2
link,1,https://sktoushi.github.io/su/bucket.html?target=bucket-Principles-of-Mathematical-Analysis-Rudin
link,1,https://sktoushi.github.io/su/bucket.html?target=bucket-A-Man-of-Two-Faces
link,1,https://sktoushi.github.io/su/bucket.html?target=bucket-calculus-for-dummies
link,1,https://sktoushi.github.io/su/bucket.html?target=bucket-introduction-to-calculus-p1
link,1,https://sktoushi.github.io/su/bucket.html?target=bucket-calculus-made-easy-p1
link,1,https://sktoushi.github.io/su/bucket.html?target=bucket-calculus-made-easy-p2
link,1,https://sktoushi.github.io/su/bucket.html?target=bucket-Calculus-p1
link,1,https://sktoushi.github.io/su/bucket.html?target=bucket-Calculus-p2
link,1,https://sktoushi.github.io/su/bucket.html?target=bucket-introduction-to-calculus-p2
