csv,{stash3Ending},skyway-stash3-core.csv
link,23,https://sktoushi.github.io/stash-utils/skyway.html?target=stash3-v250612-23.csv
link,50,https://sktoushi.github.io/stash-utils/skyway.html?target=stash3-v250613-50.csv
link,35,https://sktoushi.github.io/stash-utils/skyway.html?target=stash3-v250613-35.csv
link,221,https://sktoushi.github.io/stash-utils/skyway.html?target=skyway-mob-250614.csv
link,50,https://sktoushi.github.io/stash-utils/skyway.html?target=stash3-v250616.csv
link,70,https://sktoushi.github.io/stash-utils/skyway.html?target=stash3-v250617.csv
link,139,https://sktoushi.github.io/stash-utils/skyway.html?target=stash3-v250618to20-139.csv
link,309,https://sktoushi.github.io/stash-utils/skyway.html?target=skyway-harvard-probability-youtube.csv
link,297,https://sktoushi.github.io/stash-utils/skyway.html?target=skyway-mit-finance-youtube.csv
csv,17,skyway-jp-listening-drill-youtube.csv
link,10,https://sktoushi.github.io/ref2506/dbviewer.html?db=japanese_words.db
link,18,https://sktoushi.github.io/ref2506/dbviewer.html?db=communist_society_analysis.db
link,170,https://sktoushi.github.io/stash-utils/bucket.html?target=bucket-shah-of-shahs-iran
link,47,https://sktoushi.github.io/stash-utils/skyway.html?target=stash3-v250623-43.csv
link,42,https://sktoushi.github.io/stash-utils/skyway.html?target=stash3-v250624-42.csv
link,93,https://sktoushi.github.io/stash-utils/skyway.html?target=stash3-v250625to26.csv
link,47,https://sktoushi.github.io/stash-utils/skyway.html?target=stash3-v250627.csv
csv,102,skyway-history-250629-102.csv
csv,18,viewerRange-history-250629.csv
csv,29,stash3-v250630.csv
link,294,https://sktoushi.github.io/stash-utils/bucket.html?target=bucket-fooled-by-randomness
csv,90,stash3-v250701to02.csv
csv,118,stash3-v250704.csv
csv,105,stash3-v250707-105.csv
csv,182,stash3-v250708to11.csv
