link,null,https://www.instagram.com/land_cruiser_nation
link,1,https://www.instagram.com/03_hu
link,1,https://www.instagram.com/imada_mio
link,1,https://www.instagram.com/ivankatrump
link,1,https://www.instagram.com/ivvankatrump
link,1,https://www.instagram.com/minami_hamabe.official
link,1,https://www.instagram.com/mm_runa
link,1,https://www.instagram.com/mori.chan.7
link,1,https://www.instagram.com/nana_mori_official
link,1,https://www.instagram.com/sooyaaa__
link,1,https://youtu.be/qYixEX8i7fs?si=JHGYh0e90SLTGzaA
link,1,https://www.instagram.com/m.by__sana
link,1,https://www.instagram.com/reel/DGSzqtHSKGv/?igsh=M3J5Z3FwMTJyN2Zh
