link,1,https://sktoushi.github.io/ref/viewer.html?&fileName=The-Rise-of-the-Mafia-The-Definitive-Story-of-Organized-Crime-1-402.pdf&startIdx=1&endIdx=402
link,1,https://sktoushi.github.io/ref/viewer.html?&fileName=Cosa-Nostra-A-History-of-the-Sicilian-Mafia-1-371.pdf&startIdx=1&endIdx=371
link,1,https://sktoushi.github.io/ref/viewer.html?&fileName=The-Last-Testament-of-Lucky-Luciano-The-Mafia-Story-in-His-Own-Words.pdf&startIdx=1&endIdx=434
link,1,https://sktoushi.github.io/ref/viewer.html?&fileName=Boss-of-Bosses-A-Journey-into-the-Heart-of-the-Sicilian-Mafia-1-293.pdf&startIdx=1&endIdx=293
link,1,https://sktoushi.github.io/ref/viewer.html?&fileName=Five-Families-The-Rise-Decline-and-Resurgence-of-Americas-Most-Powerful-Mafia-Empires-1-838.pdf&startIdx=1&endIdx=838
link,1,https://sktoushi.github.io/ref/viewer.html?&fileName=The-Chinese-Mafia-Organized-Crime-Corruption-and-Extra-Legal-Protection-1-273.pdf&startIdx=1&endIdx=273
link,1,https://sktoushi.github.io/ref/viewer.html?&fileName=Mafia-Brotherhoods-Organized-Crime-Italian-Style.pdf&startIdx=1&endIdx=313
link,1,https://sktoushi.github.io/su/bucket.html?target=bucket-King-of-the-godfathers-Big-Joey-Massino-p1
link,1,https://sktoushi.github.io/su/bucket.html?target=bucket-King-of-the-godfathers-Big-Joey-Massino-p2
link,1,https://sktoushi.github.io/su/bucket.html?target=bucket-King-of-the-godfathers-Big-Joey-Massino-p3
