link,1,https://drive.google.com/file/d/1-iSQag5MsTrKIl6WNeYdpOe8qZ5tH-CN/view?usp=drive_link
link,1,https://drive.google.com/file/d/18VuvTIvLWB8gVTqOpindB4-FMR_rgT3H/view?usp=drive_link
link,1,https://drive.google.com/file/d/17s5SvZk4i2srhMphPQBxaO_YnWNGZmvX/view?usp=drive_link
link,1,https://drive.google.com/file/d/160BD2TZ4n9D2y1DfKVxg5lsXM7TqcD3s/view?usp=drive_link
link,1,https://drive.google.com/file/d/1B5OMPUan-PRrNlrkv0x8fHHriSXWALpL/view?usp=drive_link
link,1,https://drive.google.com/file/d/17In4Fd2TmNBZDB94QU3kOYYDjJc61aes/view?usp=drive_link
link,1,https://drive.google.com/file/d/16N8bEr6iI0uxJlT6FHUBMB0oJEnhnLlJ/view?usp=drive_link
link,1,https://drive.google.com/file/d/1CKUvf--d9uezrnY_Yc2v-k1VDuDS2XkQ/view?usp=drive_link
link,1,https://drive.google.com/file/d/180bpAbJyzZT-AxaxPgZLQpx4lAxDcTD6/view?usp=drive_link
link,1,https://drive.google.com/file/d/17GZO8L9OxLre8zoDv1PQ_G_lNLYBpYjS/view?usp=drive_link
link,1,https://drive.google.com/file/d/1AO8_SvTg2puogLPouLbDpO966ZZdwY05/view?usp=drive_link
link,1,https://drive.google.com/file/d/1C2pFTqfjhgX0wlNg7692ClMQvqXNjY-Q/view?usp=drive_link
link,1,https://drive.google.com/file/d/18PBke6DhVw2XbCnmiWZKdfV5IfRLUzMK/view?usp=drive_link
link,1,https://drive.google.com/file/d/1BN5kkKW5Xy2cIZFOF16pWIc1rpIb8sF_/view?usp=drive_link
link,1,https://drive.google.com/file/d/1AmXa319irTaj0GFamHmh2cSXQQI8twUV/view?usp=drive_link
link,1,https://drive.google.com/file/d/1BUnQEHX5V2nfThPMRRL9MrDgrdKvBrCo/view?usp=drive_link
link,1,https://drive.google.com/file/d/16_RhOQKE4F1icem2xkZjRcOPH-HfEOKB/view?usp=drive_link
link,1,https://drive.google.com/file/d/16HfU9YxZb3IpftX_ntTV_jNp-jdN4WFa/view?usp=drive_link
link,1,https://drive.google.com/file/d/1BwtEA5vi1FBEtX5mn-tZgavKDwywGSGB/view?usp=drive_link
link,1,https://drive.google.com/file/d/19fiKrKniClUDn2BPFX6cGowZS5IKX4LV/view?usp=drive_link
link,1,https://drive.google.com/file/d/1CMlLgx2bqrVcVEG2eZGTU8mB7hXxCZai/view?usp=drive_link
link,1,https://drive.google.com/file/d/19q1DbCLEgSrB0okJ5HuPzlUwqrSyYlPO/view?usp=drive_link
link,1,https://drive.google.com/file/d/18CxDcuq31fYDDPBt-0EfUwhJeJJVAGsh/view?usp=drive_link
link,1,https://drive.google.com/file/d/1715qwbAdfKh1on-aTlvqdUuCDweBrRXr/view?usp=drive_link
link,1,https://drive.google.com/file/d/18wDLyKz-KO5cnBfgMnudVMEjnfrUOoR4/view?usp=drive_link
link,1,https://drive.google.com/file/d/17u16FmF_UNd6UQw06-DNrm2xoj0h9oMY/view?usp=drive_link
link,1,https://drive.google.com/file/d/16n9s8p5X26WttzR-60IQKJDDoIH7o8oQ/view?usp=drive_link
link,1,https://drive.google.com/file/d/192-sBwcS-Q9lS5dmtsl3hflo_6AeeO1l/view?usp=drive_link
link,1,https://drive.google.com/file/d/17rP2CB_xmMxXLkEU9QtVWbhwYT8ebV4r/view?usp=drive_link
link,1,https://drive.google.com/file/d/187ZF0Qj2PQilv_tGh7skjuuvm47rDgyk/view?usp=drive_link
link,1,https://drive.google.com/file/d/1BMpSvcZCLlu6nxiDSZ6VTWSm2OPrirfr/view?usp=drive_link
link,1,https://drive.google.com/file/d/19WLrgq9yZy6Kw757jOj4aDDvSiGgIpE5/view?usp=drive_link
link,1,https://drive.google.com/file/d/18DxOHTgQy2GCGPUrLSYQL2KeQVABWWo4/view?usp=drive_link
link,1,https://drive.google.com/file/d/1BqLZM_ruVXtaWTkfRbj6XnEPoSIWwE9Y/view?usp=drive_link
link,1,https://drive.google.com/file/d/1AbjycDhVoT-ZxKCxO1-faqFxLrc7_NFv/view?usp=drive_link
link,1,https://drive.google.com/file/d/183peVFlQrDvC3IUZjeEu1S3zJ7_uCSSx/view?usp=drive_link
link,1,https://drive.google.com/file/d/1Awf5Zwpd4rf5ETNs7mfVO6Cc1PvpfqYh/view?usp=drive_link
link,1,https://drive.google.com/file/d/16Zwm5ykUk1sdElsVsKFW7HFxKQsVM7N-/view?usp=drive_link
link,1,https://drive.google.com/file/d/18sTwlvgCwM6w8o4vn7Dr7VaPiDEYZ0rr/view?usp=drive_link
link,1,https://drive.google.com/file/d/1BFJC3RPhgY68LyuE3_Lta5NL3UOsblSs/view?usp=drive_link
link,1,https://drive.google.com/file/d/19oRX_0JjM1OlnN-1NzMb_8qy8Cl9H91u/view?usp=drive_link
link,1,https://drive.google.com/file/d/19dOx_p2IXKF_H2uYLqwUPpPGLr7g3saZ/view?usp=drive_link
link,1,https://drive.google.com/file/d/1B9PGm8cPKX9tgRqGpffNqPgtxgoA_rNz/view?usp=drive_link
link,1,https://drive.google.com/file/d/1AGCuZVHPdy5FbpaKksQmAgpoug5taK1m/view?usp=drive_link
link,1,https://drive.google.com/file/d/17FOH5NDkieMCYniEdfYmq8C2LPGk4K9m/view?usp=drive_link
link,1,https://drive.google.com/file/d/17wvI_pxMVOWIWUsL2c1eYjTLFkk_Q3P-/view?usp=drive_link
link,1,https://drive.google.com/file/d/1809eJqm1HVsMAZ2ySgAi066MeSbgJrmj/view?usp=drive_link
link,1,https://drive.google.com/file/d/1A8R1wDnXN_OJg-yypn3D3fGp2DmMsp-V/view?usp=drive_link
link,1,https://drive.google.com/file/d/191Rz-031-ZmqlWYBO3m8219bUtZtWRiK/view?usp=drive_link
link,1,https://drive.google.com/file/d/17p2jM4Tu0Nqa5qAwv7q68Y1scb_73ZyC/view?usp=drive_link
link,1,https://drive.google.com/file/d/17TC1lcjrq2Cxpoi7tLxc_MeSFH1vrQ7o/view?usp=drive_link
link,1,https://drive.google.com/file/d/18yQ7XaV-lhQFgr9ep5uO8aMTb_pQq2CI/view?usp=drive_link
link,1,https://drive.google.com/file/d/1AIGBZndZBgeFlO_yteihKCgn5KYL6rmp/view?usp=drive_link
link,1,https://drive.google.com/file/d/1C6-iFmhJyJmcMERySNu8mQ4yV0OTT3WA/view?usp=drive_link
link,1,https://drive.google.com/file/d/1BP9FDFH5VfyiRjX0cfL9b0KYwWUcodt1/view?usp=drive_link
link,1,https://drive.google.com/file/d/18ETRmTmxUC4wImwQjvQ5KlDYUm8bPXj2/view?usp=drive_link
link,1,https://drive.google.com/file/d/170hidCa4pId9f3j0xw9wEgFNnz1hSMta/view?usp=drive_link
link,1,https://drive.google.com/file/d/1AvkTgFhve1RNDsM8YeIActI959b6p9te/view?usp=drive_link
link,1,https://drive.google.com/file/d/17YNmZdfc4HIt_la0sDmVQ3JeS8a-_iXS/view?usp=drive_link
link,1,https://drive.google.com/file/d/19oKPmtYMmJzC07YpX-EVfQCYDAcXAD6W/view?usp=drive_link
link,1,https://drive.google.com/file/d/1A7-FFAZHinp4-ZS-jojo2c1Xes6K0cBw/view?usp=drive_link
link,1,https://drive.google.com/file/d/1BxYBCzOv5n3RbC1ql_yrXlI7V4GbOE_u/view?usp=drive_link
link,1,https://drive.google.com/file/d/1AyKUEfwyhoG0Bb4vnXVCdHPlZLawPHlH/view?usp=drive_link
link,1,https://drive.google.com/file/d/16FWbDm5KX7VOjKmAhOrsrYIS3JTPuzZR/view?usp=drive_link
link,1,https://drive.google.com/file/d/18faM2lpewP5jnSMCXOGsQeUfKpNDpeoL/view?usp=drive_link
link,1,https://drive.google.com/file/d/1Ajm0pacvGp1dEXFgiKc38vXHxR6RwvqY/view?usp=drive_link
link,1,https://drive.google.com/file/d/1AeAixyIOlOCcR9RX3DEZKs39m207JpIt/view?usp=drive_link
link,1,https://drive.google.com/file/d/16m-uWwIVkXJSM2WzqO0U-KXA7YpFRw4x/view?usp=drive_link
link,1,https://drive.google.com/file/d/19d0GDCSNoQT_gHuOWvBMGfHoGsgifs8q/view?usp=drive_link
link,1,https://drive.google.com/file/d/16vYWNPwWrh4cJe_Q1BeXlqAV8pzIB5x_/view?usp=drive_link
link,1,https://drive.google.com/file/d/17Mwnb0VJu6VLDdFM8kNcjwZfZfoHEozR/view?usp=drive_link
link,1,https://drive.google.com/file/d/1BEZYk1eqAguhkkMv96jigxj9SVoDElgl/view?usp=drive_link
link,1,https://drive.google.com/file/d/1CVwI02fLZxoRXo1G_7_zzEVHGmKxbN1F/view?usp=drive_link
link,1,https://drive.google.com/file/d/1A3Fh_JcYFoxdu735lN1ypDGaHWam-UCX/view?usp=drive_link
link,1,https://drive.google.com/file/d/19IB8bDXkFr-dkzhFCRk1t4pDjs2pwJzt/view?usp=drive_link
link,1,https://drive.google.com/file/d/18ZOqUEnHM-pMySokSuUIHVgM_E9qVq0g/view?usp=drive_link
link,1,https://drive.google.com/file/d/19G-qhflnJnPI29aQHdSfZDNpg9Tkfnir/view?usp=drive_link
link,1,https://drive.google.com/file/d/17jjN7QxVitLGgErm-7ZU49MqkNtmbO7R/view?usp=drive_link
link,1,https://drive.google.com/file/d/18y7qPmIcWCpGLV0v-LRJrJqtjkHdX2U-/view?usp=drive_link
link,1,https://drive.google.com/file/d/19NCknVnxS_K4NkQZ9gr_OvaGlbIuatAE/view?usp=drive_link
link,1,https://drive.google.com/file/d/177BGMDjxsCtETRqLySAfSzL8BBPK2jve/view?usp=drive_link
link,1,https://drive.google.com/file/d/1BWhS6pQA7EU3onjBiNDVv0PCo6Bnrcsb/view?usp=drive_link
link,1,https://drive.google.com/file/d/17aMkneXA8DSofJ-dsKjkCS3gipsCKLeE/view?usp=drive_link
link,1,https://drive.google.com/file/d/1CMzccZY4PY4kZndyi15GlBnyYlNNfpG_/view?usp=drive_link
link,1,https://drive.google.com/file/d/18RBUTvjPLe7tt-vRK59H09gaEdFwjp6L/view?usp=drive_link
link,1,https://drive.google.com/file/d/18IO7d1AUsRoZ7TmJbnCYOaVptqN-2BVT/view?usp=drive_link
link,1,https://drive.google.com/file/d/1AoSzJ8RLrkep4k-MBy7UkJcA4RP3JbNk/view?usp=drive_link
link,1,https://drive.google.com/file/d/1AxO5xTzIt3Xw4rNP2KLzs09psBGcMPAb/view?usp=drive_link
link,1,https://drive.google.com/file/d/1C3O2Z3JyAe_SztFwYTV2Jd132wH_JaOp/view?usp=drive_link
link,1,https://drive.google.com/file/d/1CS4ibNhtsf50UX-LY4gdmN8EHB62aLYn/view?usp=drive_link
link,1,https://drive.google.com/file/d/19zkq71a2LGhGG_TsFWzsFbJw3guQOFfx/view?usp=drive_link
link,1,https://drive.google.com/file/d/1Bnc0M4dapzPnlRDbFdRrAdNVX9xIzedA/view?usp=drive_link
link,1,https://drive.google.com/file/d/15v5HynnhFANAa1m6BwxjQ0yGVfZSUjS2/view?usp=drive_link
link,1,https://drive.google.com/file/d/15vLWUQMkcTV1vZgs7bcaSjbCXZpEePjt/view?usp=drive_link
link,1,https://drive.google.com/file/d/15ppr0Lw8dIKxtgzgRz9IQvYBzHvFgdOS/view?usp=drive_link
link,1,https://drive.google.com/file/d/15zyJJKSnJ6vz724S4vt_r5TrpQYtzIEN/view?usp=drive_link
link,1,https://drive.google.com/file/d/15oBw9EwMSgFuBmoW368gNbWhoPlEiU7F/view?usp=drive_link
link,1,https://drive.google.com/file/d/15tQqc2_l7-80kr_dXnvMWylU9HK3Nfvi/view?usp=drive_link
link,1,https://drive.google.com/file/d/1DcVJYG_oI7-jSwUymNTiNelCzQ0RN1hW/view?usp=drive_link
link,1,https://drive.google.com/file/d/1-_XfCVINPN4hxE73sZJK5a87ACLe7mAi/view?usp=drive_link
link,1,https://drive.google.com/file/d/1DcmIwMZo2PK2dGeKP9udOKYthXgCITly/view?usp=drive_link
link,1,https://drive.google.com/file/d/1-VgSD8xHAnPR_fg8tF2zzz_U8eQzHFtI/view?usp=drive_link
link,1,https://drive.google.com/file/d/1Dd4Y_iidp92wdrJg42zSTReFdmk7FgTM/view?usp=drive_link
link,1,https://drive.google.com/file/d/1-Umxyi0FXRzTJIu3KvBtis4YFsLcCBrk/view?usp=drive_link
link,1,https://drive.google.com/file/d/1DgfwUkq4haOX-8Wh34MK1gzav3_Tl2s1/view?usp=drive_link
link,1,https://drive.google.com/file/d/1-SUylkwQpQFMlgongARqDW2AS0YXBuQL/view?usp=drive_link
link,1,https://drive.google.com/file/d/1DnAbpn94xswCBnY9tcMIxn0Q7mpn4Xiy/view?usp=drive_link
link,1,https://drive.google.com/file/d/1-PGdKAdQbOR18XEdDHV2GXc6Zh2pC7so/view?usp=drive_link
link,1,https://drive.google.com/file/d/1DrdT1lSUi_FwxdOzYQ4OTnydv4Lu1lWD/view?usp=drive_link
link,1,https://drive.google.com/file/d/1-Ol9DVJYgM3JcibWIPKRwNAVLQ6sMPki/view?usp=drive_link
link,1,https://drive.google.com/file/d/1Dyer840-129VkbcNDhpKCQCFviXk5GLq/view?usp=drive_link
link,1,https://drive.google.com/file/d/1-Nn6Al3mUn0hlQTtnCFYPEa4c5cS_gXh/view?usp=drive_link
link,1,https://drive.google.com/file/d/1E1YVQUVsMeJ2GPk-qRUPPaF4QSrG35BR/view?usp=drive_link
link,1,https://drive.google.com/file/d/1-M8gKwOp5ikOdkn-i4ZZcifPTULeW99n/view?usp=drive_link
link,1,https://drive.google.com/file/d/1E6dlV7JJONSar2ty0r3yevnjzxAx-UkE/view?usp=drive_link
link,1,https://drive.google.com/file/d/1-J947cMFVWBSbz6UQ9bSTtNt-p608THR/view?usp=drive_link
link,1,https://drive.google.com/file/d/1E6jrEvRkrFHKnoqSMq41k_uhtXJ-aTNA/view?usp=drive_link
link,1,https://drive.google.com/file/d/1-EIX3ZEBFkKpyqRkDbSjQS6AjkvFLooT/view?usp=drive_link
link,1,https://drive.google.com/file/d/1ECgMOLcZG0-SX-FY0dyNUo9fBhrWaOu4/view?usp=drive_link
link,1,https://drive.google.com/file/d/1-Bc2jIGPaabrtEypnjVIYoT7ZT5eXVLW/view?usp=drive_link
link,1,https://drive.google.com/file/d/1EEiOtnWHumBT_yU5GNKXyfJ27dxlItK4/view?usp=drive_link
link,1,https://drive.google.com/file/d/1-AemfnxL5GGmfZwEb1gyNjtpdfWK1Onc/view?usp=drive_link
link,1,https://drive.google.com/file/d/1EZ4uYJ0ZXvR4ikn4Zksh8JYIvxNNEDVM/view?usp=drive_link
link,1,https://drive.google.com/file/d/1-8ACe_e4BRYrn3I_s74EvH937nC5CkY5/view?usp=drive_link
link,1,https://drive.google.com/file/d/1EbOi52YNN0nB-Vyf--MiRm50Gbgp8rdW/view?usp=drive_link
link,1,https://drive.google.com/file/d/1-1U0CJ5tmUrc9taF7R95iMgb4nBu3myX/view?usp=drive_link
link,1,https://drive.google.com/file/d/1CjWBb535aRzHHAM6SbNyQcyW71Ht1C_b/view?usp=drive_link
link,1,https://drive.google.com/file/d/1-0XiJCE6uubvHbdc_ZFXQhFisf_OWjy3/view?usp=drive_link
link,1,https://drive.google.com/file/d/1Dbeg7W6qdREj-vB6f7Q5t1fHTTFw7zTq/view?usp=drive_link
link,1,https://drive.google.com/file/d/1-bHPxQG-Zq5NO8tMUTQF8k41Zl77wzje/view?usp=drive_link
link,1,https://drive.google.com/file/d/1DQRfM0bxMM05ywSstGMFJxTk11z8l1Wv/view?usp=drive_link
link,1,https://drive.google.com/file/d/1-beFHJhMM_ilBExK9JDblXDPkCcZsIQq/view?usp=drive_link
link,1,https://drive.google.com/file/d/1DC9OMfOM9iHsK8ZZgbmU6Ae77hQwIEb7/view?usp=drive_link
link,1,https://drive.google.com/file/d/1DB5YuhhEnsJLdNgESXmki1v4mFQWgJmv/view?usp=drive_link
link,1,https://drive.google.com/file/d/1-iXl-86qlR79NL2livE-PqOoBBq9bHj4/view?usp=drive_link
link,1,https://drive.google.com/file/d/1D5EiCnT0cMr4N0q3WmAWwg4ukkBXmbky/view?usp=drive_link
link,1,https://drive.google.com/file/d/1D2PWt6_wOh3VpY4zty5Si_EFqAfi9aTV/view?usp=drive_link
link,1,https://drive.google.com/file/d/1D26j5wGTKknrY4k8wKjBlhD1XgDOwEy6/view?usp=drive_link
link,1,https://drive.google.com/file/d/1Cw1_MChENXjBMrvMrEuK1HxTcrIEdAig/view?usp=drive_link
