link,1,https://drive.google.com/file/d/1oRWW0ooQk0UWtP1Mt8gsmbFgMjVy6Nbg/view?usp=drive_link
link,1,https://drive.google.com/file/d/1oSJZ3CE6zEA7us7F0vUSVFQ4eTb57fFK/view?usp=drive_link
link,1,https://drive.google.com/file/d/1oT2D8DumOLQW6knQ5eRw64J1-L-0dVb-/view?usp=drive_link
link,1,https://drive.google.com/file/d/1oOyzL1Qiu0_lrQq1GeQlThHVB1-dC4N8/view?usp=drive_link
link,1,https://drive.google.com/file/d/1nf47-zQ7b8xauOdeHiFJdfzawFYBhMB2/view?usp=drive_link
link,1,https://drive.google.com/file/d/1ngh-kp8Vv8wJcf1BL-rgWnR5ZMGSRAWp/view?usp=drive_link
link,1,https://drive.google.com/file/d/1osq-weHa9aSVTgum18OMqFIgeU0wiLpf/view?usp=drive_link
link,1,https://drive.google.com/file/d/1owvR_dQU1c6QOWWskp51EKAHHxrRorpP/view?usp=drive_link
link,1,https://drive.google.com/file/d/1nsgFqAqhaRL12QqfropSDhguEL68T-1n/view?usp=drive_link
link,1,https://drive.google.com/file/d/1o0G9R9woiRlePlot3jlyky-UX7jB0dMx/view?usp=drive_link
link,1,https://drive.google.com/file/d/1oyGUIrbFL5wm3Woe8AfxB2bOr6Jt2JQc/view?usp=drive_link
link,1,https://drive.google.com/file/d/1oFTt1vAN3Y4qKoFezcy63hvUJvMygQIE/view?usp=drive_link
link,1,https://drive.google.com/file/d/1p4GQEZe-evPgr2G3sRR9ThkxpZlfPPIj/view?usp=drive_link
link,1,https://drive.google.com/file/d/1nfo9fYWBWbupBi8dI_NwlllnVgVs-6e8/view?usp=drive_link
link,1,https://drive.google.com/file/d/1o2fFgtns6ya48mOYIIPZ6gGXWLDY3jbW/view?usp=drive_link
link,1,https://drive.google.com/file/d/1o8L9zTDb4-iKHFB6dkyX4rvIb17iNcZ3/view?usp=drive_link
link,1,https://drive.google.com/file/d/1oLDU_NG8BTH8jo2PHMtC3NLmQrvECqiq/view?usp=drive_link
link,1,https://drive.google.com/file/d/1p4tjC4CJa7prZGWJ6wi1j2cM16iasw8k/view?usp=drive_link
link,1,https://drive.google.com/file/d/1omwanMGDQ3FPJ-uxAnmlG9DQHFDiyoDT/view?usp=drive_link
link,1,https://drive.google.com/file/d/1pDIrs_XARqhd5TP0RyLUQCgNi_Ywk_nS/view?usp=drive_link
link,1,https://drive.google.com/file/d/1oWmL4Uwd8NmaJBvrf4cMJOkRlvLYeAgx/view?usp=drive_link
link,1,https://drive.google.com/file/d/1nld1iXsgcMswUlPl4ZsaqG4YJgSVXUiY/view?usp=drive_link
link,1,https://drive.google.com/file/d/1oADc3CE4LfnbLCbqfE5g1Ir6cNAaa78N/view?usp=drive_link
link,1,https://drive.google.com/file/d/1nrL9FjbtRkvNVdFPh3N3YvigBwPBaIVB/view?usp=drive_link
link,1,https://drive.google.com/file/d/1oHUo2SeTT7zRN-87h17eSr7HotRRevsK/view?usp=drive_link
link,1,https://drive.google.com/file/d/1nq0v7Te76j7pvwJ6ynt4gB-ekB4RKa6P/view?usp=drive_link
link,1,https://drive.google.com/file/d/1noIlrtrnHfQgk1wTRyyB_Pi2yl5f9SRY/view?usp=drive_link
link,1,https://drive.google.com/file/d/1o49uws55ALpOJahr6sa9KMF5b1wUCxJG/view?usp=drive_link
link,1,https://drive.google.com/file/d/1o84Zmtx6Ia6YVAjRRauigBh6jDuQHNFp/view?usp=drive_link
link,1,https://drive.google.com/file/d/1pCTc35thNr4C44fYDL3AwmZyjdyD0vuN/view?usp=drive_link
link,1,https://drive.google.com/file/d/1ohYIfh_3njCjwJCge7wcTmTshPfjnSIV/view?usp=drive_link
link,1,https://drive.google.com/file/d/1p6ibpuiF7-62zcMzlLxVTo3DLcvlI-ZC/view?usp=drive_link
link,1,https://drive.google.com/file/d/1nhkkXO5KBJrl8pPd8ENyF_tqa-YCNwQp/view?usp=drive_link
link,1,https://drive.google.com/file/d/1p5d_tyhLqC0tgXD1BkPy77R8Q17ZQZiy/view?usp=drive_link
link,1,https://drive.google.com/file/d/1oVHn5Hy1nhwW8mJeUZ3XwxiQdplnAoYO/view?usp=drive_link
link,1,https://drive.google.com/file/d/1nqa2b2cdXO079wiT-ZyxAA5QUPaCsdcO/view?usp=drive_link
link,1,https://drive.google.com/file/d/1nxklOx7UCwB3L_86HdauJY5135bSs5gV/view?usp=drive_link
link,1,https://drive.google.com/file/d/1p0AmAlURzDo6TsYnL6tKhNunaT_C5CGu/view?usp=drive_link
link,1,https://drive.google.com/file/d/1nrRkBRfdayVmJeFQb2cOTyN67J0vPaFS/view?usp=drive_link
link,1,https://drive.google.com/file/d/1nw6kWzep_K85_mzM-t23bs-ARdpM7QEm/view?usp=drive_link
link,1,https://drive.google.com/file/d/1p38yF4KW-4F6R1is_GHubGzScitukFhm/view?usp=drive_link
link,1,https://drive.google.com/file/d/1oDIOg5irglZZ-YUv2aU2dzLh_bEeRmhF/view?usp=drive_link
link,1,https://drive.google.com/file/d/1o77WsQh9VqayAEDff_cJMBd_vugVysJB/view?usp=drive_link
link,1,https://drive.google.com/file/d/1oXFa9MYmgCE5m0OttfJuJZKxAyr5UqDB/view?usp=drive_link
link,1,https://drive.google.com/file/d/1on891_ntaJxTSGDBBpBU7Le7PNqgKoI8/view?usp=drive_link
link,1,https://drive.google.com/file/d/1optPPHjclJpOQGnHpg9kuOr7W9zyd9N_/view?usp=drive_link
link,1,https://drive.google.com/file/d/1p2qApGaKy9Z5bME4touPCEv1wLXt5d5p/view?usp=drive_link
link,1,https://drive.google.com/file/d/1nqJBa6HI7RvyfiNsbGivaiT5lRdZMndn/view?usp=drive_link
link,1,https://drive.google.com/file/d/1oSRXz5XYkvzC_OL-VNkZxCH32387RuFs/view?usp=drive_link
link,1,https://drive.google.com/file/d/1o8elYXgEo2kfJatg8cOjcTcFLTdkaheF/view?usp=drive_link
