link,1,https://drive.google.com/file/d/1biIh26LUnxriJtnpR2QO_1mXJMCneq9E/view?usp=drive_link
link,1,https://drive.google.com/file/d/1h1A9X3doCTPj_5uwC2iTxaCJ1ihSBKQm/view?usp=drive_link
link,1,https://drive.google.com/file/d/1Ax9RlqonBbGQpgbJX17JeXG1vW5V__zs/view?usp=drive_link
link,1,https://drive.google.com/file/d/17NyWiSG_dKfQatxHDoQQhN-T_zYyKVQa/view?usp=drive_link
link,1,https://drive.google.com/file/d/1-fcXs_tqURS_vVTHc1Vx-JzqKcO6zGWw/view?usp=drive_link
link,1,https://drive.google.com/file/d/1R_c7HwVq_6HSEUHPYf_p2f75E72aOvqN/view?usp=drive_link
link,1,https://drive.google.com/file/d/1w0mF4mZfoXpB1RkSPkV7iADzJt638lil/view?usp=drive_link
link,1,https://drive.google.com/file/d/1PNE7SxSnCJVLpor6W-1KFc_gQaM9UT5h/view?usp=drive_link
link,1,https://drive.google.com/file/d/1y-3CpGwSenZZntfoqV-d_AeXvNbXaSbQ/view?usp=drive_link
link,1,https://drive.google.com/file/d/1KPIuYhQwq585zqKIEM_teW1Ub_yYjGge/view?usp=drive_link
link,1,https://drive.google.com/file/d/1HwVUq2dvS8vGsKZ6454X7ahaAtOQ3oUs/view?usp=drive_link
link,1,https://drive.google.com/file/d/1x27XIHIhpVQdP-MorYEh55-r4s3WcTIc/view?usp=drive_link
link,1,https://drive.google.com/file/d/1rJ210wQHkcCptJJPIRd8H0CFpOBpADRp/view?usp=drive_link
link,1,https://drive.google.com/file/d/1VsmsHiGutrI0h1jT-sgBagVenwUXwgZN/view?usp=drive_link
link,1,https://drive.google.com/file/d/11hlEGTcmzls-4W8m1nY_JNkmQoAWHo_R/view?usp=drive_link
link,1,https://drive.google.com/file/d/19EuVLj23y0doxZjGe3PC9Fi5Q3tM5ZbH/view?usp=drive_link
link,1,https://drive.google.com/file/d/13tpmzJXpna5LuX_kSNDdG8pahp0WmV2t/view?usp=drive_link
link,1,https://drive.google.com/file/d/1SPwoLCTbcNSSJgp7VemJMTpOxT5iJ3mY/view?usp=drive_link
link,1,https://drive.google.com/file/d/1ifimSqBILOVuHj_mV5l4qw47yLAlgI_H/view?usp=drive_link
link,1,https://drive.google.com/file/d/1EztJL-z4ohXfvyNyUl30a889mNWdBcoA/view?usp=drive_link
link,1,https://drive.google.com/file/d/1td4gTkZv59cHcF2If20U06hFeIIZdekO/view?usp=drive_link
link,1,https://drive.google.com/file/d/1myVcQdaVl25SwNejgOK_0W2y4A6OnIgw/view?usp=drive_link
link,1,https://drive.google.com/file/d/1M2bm1mMjz6EwYRrpIhnWUSQJP_UppTLt/view?usp=drive_link
link,1,https://drive.google.com/file/d/1s9kwUjhwoDnby0Zf9fi4ku7vhYzaADVo/view?usp=drive_link
link,1,https://drive.google.com/file/d/1C0UOGm6WyQBDHxSOa33nb8I9eIY4MFwu/view?usp=drive_link
link,1,https://drive.google.com/file/d/15KucW8GRUwYcYtBPnhqFzwr-fT11p0vs/view?usp=drive_link
link,1,https://drive.google.com/file/d/1FgkxOJTCmuA2OPAWffX1UpnUAYB9JxNj/view?usp=drive_link
link,1,https://drive.google.com/file/d/1ntRjA2i5Sld0vsXSTtOVPgzz1ookFEnE/view?usp=drive_link
link,1,https://drive.google.com/file/d/18dUBLM5gSPdelTm2L_ipGRFiS1cRPkx8/view?usp=drive_link
link,1,https://drive.google.com/file/d/1fuJQP18xLS33UARpXkOgrsYASiR4g2_J/view?usp=drive_link
link,1,https://drive.google.com/file/d/1FMmrjYYIqLYx7hmvzlE0yL7Y1rieRx6t/view?usp=drive_link
link,1,https://drive.google.com/file/d/1bnDb6iZW_hFP8MnZSuw0xD5k__emiT6C/view?usp=drive_link
link,1,https://drive.google.com/file/d/1GB78Nq0o69e-n7jN_OIumHyX_zDx90-s/view?usp=drive_link
link,1,https://drive.google.com/file/d/1iC6RZlRLzpUx7HaVxn8xsNGBUAmNBi8z/view?usp=drive_link
link,1,https://drive.google.com/file/d/1D0s5KvM9Z4vzzn5DQ73OStJtAI4Hh185/view?usp=drive_link
link,1,https://drive.google.com/file/d/1GVO8jVdzzMzcD4K-XPQptUaY4e9XlC7j/view?usp=drive_link
link,1,https://drive.google.com/file/d/1VFluvVX-GGNEIDNwj-AAiABxgpLkLO8u/view?usp=drive_link
link,1,https://drive.google.com/file/d/1as6wBSzAOkzA2r8YcrkPc_G9evCcUGeO/view?usp=drive_link
link,1,https://drive.google.com/file/d/1VLqcSxQK7ehH4TR9y_zn7FcZm1nOhmae/view?usp=drive_link
link,1,https://drive.google.com/file/d/1CFreLo9OKwXTIxDR13fMwbNcrcQgcTL_/view?usp=drive_link
link,1,https://drive.google.com/file/d/1ucjjX0w0pPJbI30GpNsqzLSSB5jIgOlX/view?usp=drive_link
link,1,https://drive.google.com/file/d/1S3bH1ExPqqkAQLnRYWFtTrgMpavYZA2F/view?usp=drive_link
link,1,https://drive.google.com/file/d/126gK1ukE99tayLmD7rEHnQE8ZJZRNDJJ/view?usp=drive_link
link,1,https://drive.google.com/file/d/1Bltiche_XLbuVJWHrXd1xLYgEmsBiVRY/view?usp=drive_link
link,1,https://drive.google.com/file/d/1LRg5rfEir9qW4h6aerhczIf1z0qvncQv/view?usp=drive_link
link,1,https://drive.google.com/file/d/1O1THFstUBwVyTByNjino7tAk4aci2LZE/view?usp=drive_link
link,1,https://drive.google.com/file/d/1CzDbxAmBwAxYbSsv502PoU3sZoIRiDtT/view?usp=drive_link
link,1,https://drive.google.com/file/d/1SO-4hNDgrSp-2FYJ8cpJPrAnB-avEVI0/view?usp=drive_link
link,1,https://drive.google.com/file/d/1gMWdVB_k3g0d95ytKHfrFf0mxNbhi8kh/view?usp=drive_link
link,1,https://drive.google.com/file/d/1kiZlrbTZ2bRetWcZLEodsXsIv00B4XzV/view?usp=drive_link
link,1,https://drive.google.com/file/d/1KClINKiN5czryuYjoomz9hDtcqlqt7se/view?usp=drive_link
link,1,https://drive.google.com/file/d/15cZcqG6l6Ksjx8D53Zh7mUxsmug-J1hS/view?usp=drive_link
link,1,https://drive.google.com/file/d/123uyqizsewmnBeLV_-Zxm0J6KsDB2yt3/view?usp=drive_link
link,1,https://drive.google.com/file/d/19KNUF2TE2YMTCkUio58FPY7j7WBvl0aE/view?usp=drive_link
link,1,https://drive.google.com/file/d/12qmkND7SNCstLV1UVEUTByXYRPhiFsz6/view?usp=drive_link
link,1,https://drive.google.com/file/d/16NGhKTqsPypbT-02i72YFVYqhBhzLMhB/view?usp=drive_link
link,1,https://drive.google.com/file/d/1iF55l-o4KAAT_8KwmV7MJd38eeeK197X/view?usp=drive_link
link,1,https://drive.google.com/file/d/1V-4ielbDzlPmLBGimHubYacPffNsmyY9/view?usp=drive_link
link,1,https://drive.google.com/file/d/1phk2GUoaRkzhJL9qw70BtGaJOLMvrYYC/view?usp=drive_link
link,1,https://drive.google.com/file/d/1Tjr40pjKbBKshAnL7IeBC6Ww4hFLCpzI/view?usp=drive_link
link,1,https://drive.google.com/file/d/16qPTBteB4UEmat0sFwyKZf-5yr48TxHE/view?usp=drive_link
link,1,https://drive.google.com/file/d/1C6Z0QKgaSiuzhWmawlNCLdt-2rJH_aqz/view?usp=drive_link
link,1,https://drive.google.com/file/d/1idP86ADteiTYnaGF3BVXp12JpsE_LgLu/view?usp=drive_link
link,1,https://drive.google.com/file/d/1vd5vXuoN_WwBSArsjvM2obohDJCEislE/view?usp=drive_link
link,1,https://drive.google.com/file/d/1j7ex_onfI8cegC-HY6MRbpGqiw969cQI/view?usp=drive_link
link,1,https://drive.google.com/file/d/1n7Zrp6xY--JxZi8WWOVewdMWpCcIPzLi/view?usp=drive_link
link,1,https://drive.google.com/file/d/1U7zXEoBas-Ay1hT9fi4yPVN8yBVgx-0K/view?usp=drive_link
link,1,https://drive.google.com/file/d/1j2UYx_IVDxbpOUaiyXsPqCme1q62fP40/view?usp=drive_link
link,1,https://drive.google.com/file/d/1a8DcelQIOeDgGhzbF_1L3gk12yTXsLSG/view?usp=drive_link
link,1,https://drive.google.com/file/d/1MHrWfDSBck7Hn0cdzYnQXsEz-3n-J01S/view?usp=drive_link
link,1,https://drive.google.com/file/d/1jG1DArc1McnYtwR3BrHqNEBPzKqcWY6m/view?usp=drive_link
link,1,https://drive.google.com/file/d/1YataUQa0mKlsXF7paFCk05i7qU6RreFU/view?usp=drive_link
link,1,https://drive.google.com/file/d/1nXUn0lIcw9DOsqFZc1cZ0Gmx3QsCdgm0/view?usp=drive_link
link,1,https://drive.google.com/file/d/19jpwYAR6vP_1p0b7nfBVvaiscTUo_AjG/view?usp=drive_link
link,1,https://drive.google.com/file/d/10KtYLpEy0h5zetSDWktX3dbLtKOHC3Bs/view?usp=drive_link
link,1,https://drive.google.com/file/d/1Sc_qftGr-T_MWUDiWsjRnHXzIDXiFYYX/view?usp=drive_link
link,1,https://drive.google.com/file/d/14JpKLY5yKF_OSWrKB63JJplwy9pd-PnV/view?usp=drive_link
link,1,https://drive.google.com/file/d/1sZMeVXVrnhW6etUnBdrSni4Kyu1pXxWV/view?usp=drive_link
link,1,https://drive.google.com/file/d/1GUpQ8jGA7wN4l8AkWcAkOHRvXFMcChEa/view?usp=drive_link
link,1,https://drive.google.com/file/d/1UQNCmSPKvvzyvP4PFvtkI1HIX5KOy5hM/view?usp=drive_link
link,1,https://drive.google.com/file/d/1-0uiMh4IVJlClQGEwXOvuqavS7-U-LUb/view?usp=drive_link
link,1,https://drive.google.com/file/d/14ThnLJotz5Mv3MZSh5pIoM7Xf8Udo-3Z/view?usp=drive_link
link,1,https://drive.google.com/file/d/15kqWEV0VC1SqYhcWYikpayRk6692YFFP/view?usp=drive_link
link,1,https://drive.google.com/file/d/1oovDejnTtJDeTJKoVHpzfRKoGxQhy79I/view?usp=drive_link
link,1,https://drive.google.com/file/d/1_gWPE0cPnQQtHhKQbj9xSjIbevLmCvUV/view?usp=drive_link
link,1,https://drive.google.com/file/d/14DWgC_jvF3wU8luLnas7uyacN_QVu3_K/view?usp=drive_link
link,1,https://drive.google.com/file/d/1X3U8K0zXhgTGv-aT1qsE5UMAbkv7B3L1/view?usp=drive_link
link,1,https://drive.google.com/file/d/1seJcMx2Y7qFhfaZ4I_69U_yJhSzdGzOr/view?usp=drive_link
link,1,https://drive.google.com/file/d/1uQkVcfDqK3AtkaAbCriKmIDrZ3cOaESn/view?usp=drive_link
link,1,https://drive.google.com/file/d/1tkzhj3yn-nxwX828_fWGTgC5VfoU2pBb/view?usp=drive_link
link,1,https://drive.google.com/file/d/1QUtSpRm0Wze7f2r0TwkTcstmyGH_ssc3/view?usp=drive_link
link,1,https://drive.google.com/file/d/19P_6VG6lbUtX_pGz-bmpDk7Z1zbJgakV/view?usp=drive_link
link,1,https://drive.google.com/file/d/1uUJ5_Eja4PE7NLf5yIpSXxDcTjLi3dQy/view?usp=drive_link
link,1,https://drive.google.com/file/d/1aH6ONQ__CGX7wpvoosKzlWJRP0s5KEBI/view?usp=drive_link
link,1,https://drive.google.com/file/d/1VUEEirzjAnXzEZGwS9cqTotYABk8AvjK/view?usp=drive_link
link,1,https://drive.google.com/file/d/1GybjOItM6CDEnEBZ3wTLcMV-6aqbkEEx/view?usp=drive_link
link,1,https://drive.google.com/file/d/15XOGXJUi-_4VauMZ00jIq8z94RoxPg-p/view?usp=drive_link
link,1,https://drive.google.com/file/d/1HK2C7pr6przBt1SomC1-gSTcBaKy1i5M/view?usp=drive_link
link,1,https://drive.google.com/file/d/1a_lGtBfVCIFaQU92HMw0JxmujAu44gSO/view?usp=drive_link
link,1,https://drive.google.com/file/d/14jx-4016FJic0KnUwx0D-GCU-X8eZxOo/view?usp=drive_link
link,1,https://drive.google.com/file/d/1qy1DtkOFuzgUd6DlGGC2gfHNfux67lVY/view?usp=drive_link
link,1,https://drive.google.com/file/d/1bLm7_s6EWCPf2F2HIICderJC4Rq49lEy/view?usp=drive_link
link,1,https://drive.google.com/file/d/1P7ye_zBvyH5Vi3L9Y4BljuOyvufG50iz/view?usp=drive_link
link,1,https://drive.google.com/file/d/1I2RPR3AgomQAG5udWHUAPf9wiQArTs-y/view?usp=drive_link
link,1,https://drive.google.com/file/d/1p_Dtiau9Ze_MbRoMty0tojRxGX0WlszP/view?usp=drive_link
link,1,https://drive.google.com/file/d/11hYLovuHHdx9XI3q3FF-D5_93WX9kttD/view?usp=drive_link
link,1,https://drive.google.com/file/d/1QtzI8yQeH_g1lqFG3xOtBypHQCdEtz0m/view?usp=drive_link
link,1,https://drive.google.com/file/d/19_aqO81rBsDVNQs48zLgEmW6FaQyRHrX/view?usp=drive_link
link,1,https://drive.google.com/file/d/1xmdAr4SfsNNY7Sfl-h5C1RO9UVaf2LJ4/view?usp=drive_link
link,1,https://drive.google.com/file/d/1NXMSp3CygxYOgoHAyACwnjRGhjXOO8HB/view?usp=drive_link
link,1,https://drive.google.com/file/d/17zeTZY7Ryk_AfpAtlOX1yGo1O-XmBw-O/view?usp=drive_link
link,1,https://drive.google.com/file/d/1NIJ82l4hDnT29pCqGYwZ5v4hzw7XMHoK/view?usp=drive_link
link,1,https://drive.google.com/file/d/1jCO1eRgyhxQi9wf3O4Rx-I-83irRoQ6T/view?usp=drive_link
link,1,https://drive.google.com/file/d/1ty9bECNp8Sov5bCo_b2L8UCAT0PBfePO/view?usp=drive_link
link,1,https://drive.google.com/file/d/1GB0T6Qezvti3Kp4-Asq1bQs27uFhirfq/view?usp=drive_link
link,1,https://drive.google.com/file/d/1d1uVAWcsYd7S2SirXFhZPbxVc5B9Sqff/view?usp=drive_link
link,1,https://drive.google.com/file/d/1vS9d_cbHO4I0dyqy4qDaqKEO2zPQfrJV/view?usp=drive_link
link,1,https://drive.google.com/file/d/1OJteK9GYFwp_CBD6nrzNvvNWGVz9hdgV/view?usp=drive_link
link,1,https://drive.google.com/file/d/1P6pbXGtkoEEqsHkpSJE-56aXyfSZw4PI/view?usp=drive_link
link,1,https://drive.google.com/file/d/1suNBCxyoqNPQhYQdT0lqc0ZDqGii778Z/view?usp=drive_link
link,1,https://drive.google.com/file/d/1UiRa0FHzTF5KeIIdxjffOhIobCokeFq2/view?usp=drive_link
link,1,https://drive.google.com/file/d/1AktJujTqO00IVSXLoBc7WWSz8FeO-g6G/view?usp=drive_link
link,1,https://drive.google.com/file/d/137rN6UwVe0xtavI_wjtf8xIIvO1WcHZm/view?usp=drive_link
link,1,https://drive.google.com/file/d/1SXJR5gOxIBuEMHathYoRyCOGEkNJOqha/view?usp=drive_link
link,1,https://drive.google.com/file/d/1U-qDmBliOqIxaFWpLog1856vQJ9QnSw9/view?usp=drive_link
link,1,https://drive.google.com/file/d/1KAPLoGsRPFn2wdX5wa7jJAnEok0am9q9/view?usp=drive_link
link,1,https://drive.google.com/file/d/1DQjhWsvWop3ORAJhnZqxn3MpeTEyxRwS/view?usp=drive_link
link,1,https://drive.google.com/file/d/1WPwurxSkluxrcdf5YsbbAAXmdhul2j0G/view?usp=drive_link
link,1,https://drive.google.com/file/d/1BpFlbvbONTTmDkiYaaFhNziMBX0BCr_w/view?usp=drive_link
link,1,https://drive.google.com/file/d/15VD2m1k4cNKKRlEI3rg15rvr_hSW9a_f/view?usp=drive_link
link,1,https://drive.google.com/file/d/1MmngymCNMEAeYsxxp726XXp6cJigNkyD/view?usp=drive_link
link,1,https://drive.google.com/file/d/1U7ffKUc_vToNpDJ67xnwVikvgQZstCjU/view?usp=drive_link
link,1,https://drive.google.com/file/d/18eaoJ-YHVzaXwSzioMFOlFPYrMxsmq5P/view?usp=drive_link
link,1,https://drive.google.com/file/d/1iikvws_UIa-1h-Ptd4HM7ILd19P1UwQN/view?usp=drive_link
link,1,https://drive.google.com/file/d/1fD7lTjirBgR1vFAuEGNBPAF2iEyceyRA/view?usp=drive_link
link,1,https://drive.google.com/file/d/1hS2dY3JNX_0mHzKVci4sRKRKSzNJZSGt/view?usp=drive_link
link,1,https://drive.google.com/file/d/1MFZwS9XB75_i6D67DovHPi2mw3u3u8YM/view?usp=drive_link
link,1,https://drive.google.com/file/d/1dT6ro_PdWqfmZP1GrwT78gOuc-SHwQkQ/view?usp=drive_link
link,1,https://drive.google.com/file/d/1lAXGdGsH2LZrtOToBTkNnzSFNDFexpXR/view?usp=drive_link
link,1,https://drive.google.com/file/d/1cPNgRvmU6wqypXrHrTvbj_RLomsiLmzo/view?usp=drive_link
link,1,https://drive.google.com/file/d/1gOpSoBA_tIzd944QQO_k7LCc4hY8k-aC/view?usp=drive_link
link,1,https://drive.google.com/file/d/1rxzTCMud6655_CFOzM80QOJ24-UJZ-pn/view?usp=drive_link
link,1,https://drive.google.com/file/d/1M6wDLbvwxJq1R_TNz-_w-P5pKrLRrsA0/view?usp=drive_link
link,1,https://drive.google.com/file/d/1k-Xyv4LI7oP4d5y5PpiU0YaQQJUBEHry/view?usp=drive_link
link,1,https://drive.google.com/file/d/1t5XLT3dxMicwPwIX7VbYJmcmDzn7qabd/view?usp=drive_link
link,1,https://drive.google.com/file/d/1Lmd8Dk_snN8UQejQ1TjUe5kysoknJZ_Y/view?usp=drive_link
link,1,https://drive.google.com/file/d/10FUnhQC2hXkxdDOERV3a1UVX3pzwCqwR/view?usp=drive_link
link,1,https://drive.google.com/file/d/12mcandWpMLi-TlELzH8tHphBA-L-qzVv/view?usp=drive_link
link,1,https://drive.google.com/file/d/1a-IckpKVQkvUmju90cwE_kVDV4vJrsx_/view?usp=drive_link
link,1,https://drive.google.com/file/d/1IZoH0y5vkqI3JGUU9iH5a8t2BEKQkKws/view?usp=drive_link
link,1,https://drive.google.com/file/d/1k7at-rdJwnUikVe99VpNm8DlLUc5HzXi/view?usp=drive_link
link,1,https://drive.google.com/file/d/1P0rRMezcmlJUswhkII-LCDPGYl6q-Zx6/view?usp=drive_link
link,1,https://drive.google.com/file/d/15sv6_3G0ze_q9TxgLesW3jWyIW69elTd/view?usp=drive_link
link,1,https://drive.google.com/file/d/1OArwyGdDaT1nPmZ7mXMbahg1_JQ1OJyt/view?usp=drive_link
link,1,https://drive.google.com/file/d/1RqRAUv5ZQX5prkCxRP91hbPNN5M2Ep-9/view?usp=drive_link
link,1,https://drive.google.com/file/d/18xrSu0kGjjvEv-mflecqSLqtTtrd7qLl/view?usp=drive_link
link,1,https://drive.google.com/file/d/1HnkHGlnrDtmXS_6qeNWI6V7UsixhidyO/view?usp=drive_link
link,1,https://drive.google.com/file/d/1F64w5XIuFzJH_tKEo40mLOnyh-sR7Wso/view?usp=drive_link
link,1,https://drive.google.com/file/d/1e-8cOi7qBO7ulU8oAPlocTCuOEgo04Lu/view?usp=drive_link
link,1,https://drive.google.com/file/d/1oN2d1G8sIxxYamlFZFnFZZy5Y9zQOjvH/view?usp=drive_link
link,1,https://drive.google.com/file/d/1k_Zqxu0fdBJGyHncJIoy2ZhV_J1KxeZt/view?usp=drive_link
link,1,https://drive.google.com/file/d/1CjglxF9BHJ9T-wRjJfHgWU1LirJzoCnZ/view?usp=drive_link
link,1,https://drive.google.com/file/d/1sdQUc1wQFhXw_oN0va1TUDq-6pOW0Cz7/view?usp=drive_link
link,1,https://drive.google.com/file/d/1saQlHSX7coei7LaHFdH3CPPZ0uyL_SuZ/view?usp=drive_link
link,1,https://drive.google.com/file/d/1rRdsV7WFP3_Um8G-NOS3x2oBCacWn332/view?usp=drive_link
link,1,https://drive.google.com/file/d/1uToEiVuvNgzrCww7_jbkesZR-64_SOe7/view?usp=drive_link
link,1,https://drive.google.com/file/d/1375TbdreQIxgen2BA7GvSQN2uqRWP3Ca/view?usp=drive_link
link,1,https://drive.google.com/file/d/1-lbgzWhiq1Lq30T4XQmyrJQ-4JcAhuBW/view?usp=drive_link
link,1,https://drive.google.com/file/d/1XlxM03sLq5x5COdRzX2CBMAhmJNBu9o6/view?usp=drive_link
link,1,https://drive.google.com/file/d/14Rnd8YRTM5WZJrww_STh0mkf1PjB41iY/view?usp=drive_link
link,1,https://drive.google.com/file/d/1iHdFVfDy83OgNS-hVacA-cXJWzO7coVM/view?usp=drive_link
link,1,https://drive.google.com/file/d/1uN1loB7PThBw5OJr4O4_yN2QDpfaPdaY/view?usp=drive_link
link,1,https://drive.google.com/file/d/1FTbOFNHH6bI8o_T2bdwomx_sVPVVP6w9/view?usp=drive_link
link,1,https://drive.google.com/file/d/17mpPsZzXO0lojg685P7mKWGGfE9aaqAQ/view?usp=drive_link
link,1,https://drive.google.com/file/d/1fbniPpp3sltUU-rdiXwdqtrDN9vHa8r9/view?usp=drive_link
link,1,https://drive.google.com/file/d/1OnVmZDOVcoVKUhBTf9sch4W0hgJLYcfP/view?usp=drive_link
link,1,https://drive.google.com/file/d/1rjsjbzx8xAc_KHuRhLWnzZjKnBbV3Lro/view?usp=drive_link
link,1,https://drive.google.com/file/d/1I38secTTaa-mxji6Sp0TVtlDPOgrEK7Y/view?usp=drive_link
link,1,https://drive.google.com/file/d/1tkZDPMpyppGtXoREfATClkLdCpAetoD5/view?usp=drive_link
link,1,https://drive.google.com/file/d/1R2cvV3ShfR_cln6OsE5peU8UszPZ8pTZ/view?usp=drive_link
link,1,https://drive.google.com/file/d/12SmTXxTevs9UEhIV_ORiXnGTjnYYeeUF/view?usp=drive_link
link,1,https://drive.google.com/file/d/18kv1U1d4KEksa0MNQozyWBBh0pXlWJKs/view?usp=drive_link
link,1,https://drive.google.com/file/d/1Vyj_forF0-5XHjMQpqi-OpaRMAkBSfSW/view?usp=drive_link
link,1,https://drive.google.com/file/d/1trJFeCZDRlplC4jqRY3CLeKXLsgbcVVI/view?usp=drive_link
link,1,https://drive.google.com/file/d/1kjA6PIVs4dFj3zOHAX1TZ2a1EYKKibkU/view?usp=drive_link
link,1,https://drive.google.com/file/d/1x-BWVzQGD47h4pYI54kops9tszZbRtX4/view?usp=drive_link
link,1,https://drive.google.com/file/d/1HvGb3m5KVDQbB3GMiXPaDP8Y3LFWxb4K/view?usp=drive_link
link,1,https://drive.google.com/file/d/1clZwIKKi3YP-N9-6NjEVoLDZGYiUKCUU/view?usp=drive_link
link,1,https://drive.google.com/file/d/1nNQqpvha5-z1ZVSut_96bB7ipuhIxawr/view?usp=drive_link
link,1,https://drive.google.com/file/d/1G7G9MEwu-mTEmF0ridOLUEzPMxqV9a6b/view?usp=drive_link
link,1,https://drive.google.com/file/d/1CX_LUcrEcrwt4EOqxoKty-Fksctboe2o/view?usp=drive_link
link,1,https://drive.google.com/file/d/1fAuw5P_Qq7Jvw3jidVcMc_-vTBSgh4yT/view?usp=drive_link
link,1,https://drive.google.com/file/d/1laDFQe5rSHveIPgrjit5OgHTCdRgUQIo/view?usp=drive_link
link,1,https://drive.google.com/file/d/1w8Wfh5yC8yjb-VvdMfsFc9k2M77NnEGp/view?usp=drive_link
link,1,https://drive.google.com/file/d/17BlIqZgDjFP1KSpRUrWiscX7bmKQnptT/view?usp=drive_link
link,1,https://drive.google.com/file/d/1NeKkkRdEjV6DlfKvVY4X7yAgH1sJl2qD/view?usp=drive_link
link,1,https://drive.google.com/file/d/1wi5Ly8LELOTs7-aLOhcMxtCqZ0Z5lF_B/view?usp=drive_link
link,1,https://drive.google.com/file/d/1Hkvs-zJy_kIhD3mDLb9_gYnVGwYZgJWS/view?usp=drive_link
link,1,https://drive.google.com/file/d/1msFeLCgXBwZ63LXsEPGfrXhBfCwO0SuV/view?usp=drive_link
link,1,https://drive.google.com/file/d/1Jjdtl5pWEPonVbZK7SrNVr8Zcicswdq8/view?usp=drive_link
link,1,https://drive.google.com/file/d/1TB0w4UinS0-x26Yql_zTrRc6PleR97bi/view?usp=drive_link
link,1,https://drive.google.com/file/d/1hmJZKrHPJnkC_nQUvfi8G6ZKLmrKpAWT/view?usp=drive_link
link,1,https://drive.google.com/file/d/10nBYyr507L9_0E82m4L8fRlNK84tTwp9/view?usp=drive_link
link,1,https://drive.google.com/file/d/1t1EW9GFgOZ2LqJHDrKBYt0fDKGobnvHt/view?usp=drive_link
link,1,https://drive.google.com/file/d/1MiAx1d2Kxu9xrg72aoQDHXkCUlhqLbj7/view?usp=drive_link
link,1,https://drive.google.com/file/d/1gMqiGSoy5Q80gpG21a1sxNeyZaDzK371/view?usp=drive_link
link,1,https://drive.google.com/file/d/1o8OMt6Mvhdg3y5Ia28j1zyZHnFl6u5-o/view?usp=drive_link
link,1,https://drive.google.com/file/d/1cpCZJBZF8GsoXYMR-8Qrjcoh4FrXcjm8/view?usp=drive_link
link,1,https://drive.google.com/file/d/1zu7yohcHC-uak6OFso94ZXNAV4bQyu9q/view?usp=drive_link
link,1,https://drive.google.com/file/d/12U4wRRc84aO9ZbZoQcgsfUhfvxTeHyjs/view?usp=drive_link
link,1,https://drive.google.com/file/d/17gpfiF-dUb_QkrcZdstTBqiukKWWdoKE/view?usp=drive_link
link,1,https://drive.google.com/file/d/1Z7se3X2bfHyu0AoPb86cDhqXrGOBZc95/view?usp=drive_link
link,1,https://drive.google.com/file/d/1J-ujwXEASu8Z2CpRfkX6yd5e7j1liLQr/view?usp=drive_link
link,1,https://drive.google.com/file/d/1XtTpdypd3wRMZegl6tmf5rtX5XS37zdv/view?usp=drive_link
link,1,https://drive.google.com/file/d/1Sid80yQUmAMEaT0pQMn3cimJtOi9ZcrP/view?usp=drive_link
link,1,https://drive.google.com/file/d/1SBTlAJuHrzMyMk7Tft1GHyUNeteYTh6G/view?usp=drive_link
link,1,https://drive.google.com/file/d/1A-y992o7gF6K-Cv0rPD8-Q7tZHhoMUxa/view?usp=drive_link
link,1,https://drive.google.com/file/d/1kRnRsmBIYhBOHS895iBGyVarIZR59zoG/view?usp=drive_link
link,1,https://drive.google.com/file/d/1sMhIEOTa5ABZNIzSPwby4mSarjfYKDYH/view?usp=drive_link
link,1,https://drive.google.com/file/d/1gl3XtAQPOThRZaO4bCaF47v4a22MD_Y-/view?usp=drive_link
link,1,https://drive.google.com/file/d/1pYhDeK1Z2Feu5_TrzikhXt_nXmYFFQG4/view?usp=drive_link
link,1,https://drive.google.com/file/d/1-iFL9AiJFySCLKtAeBjzjumMfwHDX1uz/view?usp=drive_link
link,1,https://drive.google.com/file/d/1gFeuKEAXJPOJlFNLIsPTsQV2KXBFDtok/view?usp=drive_link
link,1,https://drive.google.com/file/d/1s5TdFIIpQEqb6DuVJjbscrvPgfZyhDxj/view?usp=drive_link
link,1,https://drive.google.com/file/d/1n4_FcJCanVs6-pH66bOPhx1AxrpVJ-jM/view?usp=drive_link
link,1,https://drive.google.com/file/d/1nRuULFA9hgJ3bNdKwHxlgWodu1ZmYoXz/view?usp=drive_link
link,1,https://drive.google.com/file/d/1eNjSMyyK1REU71w5QWD-Nn4L9UUOALJ3/view?usp=drive_link
link,1,https://drive.google.com/file/d/1d9Ao3cSoCCwOdzehchOHnDjoF7XFx8oH/view?usp=drive_link
link,1,https://drive.google.com/file/d/1YJXRSjW4B5bKacBGzculSrXsbIARi-fn/view?usp=drive_link
link,1,https://drive.google.com/file/d/1LdsZ8V0CEKuvtiYEBYUCPhOA4EIa-Ow6/view?usp=drive_link
link,1,https://drive.google.com/file/d/1_iGSt_GMQrkhzxk40T8W9f_k_7s5SYcI/view?usp=drive_link
link,1,https://drive.google.com/file/d/1uq8A28kZw3O_NTS5mX6lxJ5zUh5keUU6/view?usp=drive_link
link,1,https://drive.google.com/file/d/1GuWznvBfZVn73GNPxDHqh42q8r_Xrawk/view?usp=drive_link
link,1,https://drive.google.com/file/d/1rxnfpV0N_UYk1-BxUJ_wguGU0f4zDvjA/view?usp=drive_link
link,1,https://drive.google.com/file/d/1XcfkjCvtXX-k9sjcZ1oHvaE9lzGpSIYw/view?usp=drive_link
link,1,https://drive.google.com/file/d/1nedZ6nfrj0gh6t0Og9Mhzpv9n70sm2z3/view?usp=drive_link
link,1,https://drive.google.com/file/d/15kP90a46NYW2eZNbtiP9TY9ze2SldQDc/view?usp=drive_link
link,1,https://drive.google.com/file/d/1Jt6bBj5djjXBdm0saApk2I3nP2emHdKW/view?usp=drive_link
link,1,https://drive.google.com/file/d/1SlycjS0uNrcR0DBYmuhQf8J8_7MOn4St/view?usp=drive_link
link,1,https://drive.google.com/file/d/1NEXZR-oo8yimrZcRHyLSm0L_PWuvWhDe/view?usp=drive_link
link,1,https://drive.google.com/file/d/1_qXBaeQfctVQeI-F04kWvRj8wmbuYqJ4/view?usp=drive_link
link,1,https://drive.google.com/file/d/1dNPABxDtPSPOyLfdl5a6b4rM-izD4sPY/view?usp=drive_link
link,1,https://drive.google.com/file/d/1h4smACgSlWM4GCV3QtQ0-Gy90p6_QpzE/view?usp=drive_link
link,1,https://drive.google.com/file/d/1B4ln3S3AuEAD_4rIU1mj5jGCpwKkV5R_/view?usp=drive_link
link,1,https://drive.google.com/file/d/12FGtuaFj7uiTY22Xe0mWSUyAqzWmmt2_/view?usp=drive_link
link,1,https://drive.google.com/file/d/1t9Igi_x94_guR2xWFXnPycgI4Lv9BuAZ/view?usp=drive_link
link,1,https://drive.google.com/file/d/1kHuBZbsZ6gsQJbKOLNGFnZqAsbHWBOIa/view?usp=drive_link
link,1,https://drive.google.com/file/d/1vdXJMluf8w-YgBsJDIlitQAHPRIrKe_3/view?usp=drive_link
link,1,https://drive.google.com/file/d/1Vev1XEWyxkrg6zAUDgZQdti-TJ_-7D59/view?usp=drive_link
link,1,https://drive.google.com/file/d/1-wIkDjktP3vUJ037wPnvpcbxqOCLL010/view?usp=drive_link
link,1,https://drive.google.com/file/d/19XcG_pkG-6E2PNkyoB8aepeGUq9_3u0K/view?usp=drive_link
link,1,https://drive.google.com/file/d/1kUfHov1jgaz1TvghNTUJu0SsEwL1tiRm/view?usp=drive_link
link,1,https://drive.google.com/file/d/12hNa6TOs2YR5-PgA2E_f2QEYDg2YfDMz/view?usp=drive_link
link,1,https://drive.google.com/file/d/1ow-AE1p0mGfxSnbYychVx4dxfpif7LBH/view?usp=drive_link
link,1,https://drive.google.com/file/d/1DDzeOXA9vveCooOi7ewWJOwrtmdigOPg/view?usp=drive_link
link,1,https://drive.google.com/file/d/1YNOYsttjKqFok0Nzev3naBatLsbf4pwc/view?usp=drive_link
link,1,https://drive.google.com/file/d/1-VZB9K38A90CcmM62ZqM0N-RTrBR6IVF/view?usp=drive_link
link,1,https://drive.google.com/file/d/1H9_FXkgEyqXC52XoK_2PYCvVUGvTMB2K/view?usp=drive_link
link,1,https://drive.google.com/file/d/1YXFprWFBMk5luwSzsqgtfCEPANJY-uPL/view?usp=drive_link
link,1,https://drive.google.com/file/d/1SSJWJs6KinjYOK7JZx9KH5jxnIxMSov-/view?usp=drive_link
link,1,https://drive.google.com/file/d/1zih7GV_KYdeA2OAq2YC68OycM-2NRu4l/view?usp=drive_link
link,1,https://drive.google.com/file/d/1CRtj8fItd-oYrGtcVge5qv57TbjwiQdT/view?usp=drive_link
link,1,https://drive.google.com/file/d/1mNoeYOsIzPqiDRTmHe82nk6gVTcYpzQn/view?usp=drive_link
link,1,https://drive.google.com/file/d/1Du_gPyUcRyKyJbiQGO1IyX7X1gcChDUg/view?usp=drive_link
link,1,https://drive.google.com/file/d/1CdjztWlCigEasUoStE1BRY225lbjvItD/view?usp=drive_link
link,1,https://drive.google.com/file/d/1Tqtxx_3kp9NL7PV1sFHoCZbLWcyjk7oX/view?usp=drive_link
link,1,https://drive.google.com/file/d/1ykR7IbfyKY-b3adygoV3YXQAxoMCg4Fw/view?usp=drive_link
link,1,https://drive.google.com/file/d/1oagQxk0N1lS6r1IU7rLo5jjayW_HFAUv/view?usp=drive_link
link,1,https://drive.google.com/file/d/1EtnH6_lpemw0SFcKbyhJqINbFYCpK8qr/view?usp=drive_link
link,1,https://drive.google.com/file/d/1xcq8vB_zv-OOgK50cw9tKW7CWKwKDb33/view?usp=drive_link
link,1,https://drive.google.com/file/d/1HmbCEkBVVT4hzroPaRnPvP1u2F5BiWzv/view?usp=drive_link
link,1,https://drive.google.com/file/d/1M3wsFSj9zcCWX5Gear1HKgCtHOMRFjPC/view?usp=drive_link
link,1,https://drive.google.com/file/d/1eon_XfG3oXHqhV3DlL7FoxaKlbr6XMXN/view?usp=drive_link
link,1,https://drive.google.com/file/d/1OEoS2AJ4OPknbi8jbelz-W8mrc-KEHSi/view?usp=drive_link
link,1,https://drive.google.com/file/d/1BvXrkJ7DGbNovbPZDAhLwV-9VAXPNPiy/view?usp=drive_link
link,1,https://drive.google.com/file/d/1fOo4AA7wsvcqeP1VZ3RZLL3XHHHx7J8Z/view?usp=drive_link
link,1,https://drive.google.com/file/d/116fCxtvpPdbYdiPNS903Cn-mX3-APi-9/view?usp=drive_link
link,1,https://drive.google.com/file/d/1jSt9oeduB1EeN5z_c9hJbzZwsjtJNRNh/view?usp=drive_link
link,1,https://drive.google.com/file/d/1kbV-qhzA2NYBhm9afRig3htG3SHJhbRc/view?usp=drive_link
link,1,https://drive.google.com/file/d/1gE0VE8LiJ-MG6sAjSIf3PPjEogkiV6vJ/view?usp=drive_link
link,1,https://drive.google.com/file/d/1Bzmp5nTBS8lYxxcF-F2w1cTATsyOL3qx/view?usp=drive_link
link,1,https://drive.google.com/file/d/1AmdvhwtPmDBqTsUgCO25UqQiv5_CYP19/view?usp=drive_link
link,1,https://drive.google.com/file/d/1Mv2Z5f6f-PV7gyDX3ZIZVnnY_Aw7vhv0/view?usp=drive_link
link,1,https://drive.google.com/file/d/199JvTu36bxfyOeDWEtzTHJ3opmyeHof1/view?usp=drive_link
link,1,https://drive.google.com/file/d/1_SAEOEyTyNfHa6vvTAS0SYmkf02HI-mf/view?usp=drive_link
link,1,https://drive.google.com/file/d/1NER4UIkwHnSU7uWXtvHF4xkFukoa7RF9/view?usp=drive_link
link,1,https://drive.google.com/file/d/1u96DPpbUJfI8y8gBvvZoExWhTjo_pNIn/view?usp=drive_link
link,1,https://drive.google.com/file/d/15m4PS632no24tbENiergFla-OC0qjxKL/view?usp=drive_link
link,1,https://drive.google.com/file/d/1qPxZiFJd1Z3zcuU_XaXwrmWCgBCg1ElG/view?usp=drive_link
link,1,https://drive.google.com/file/d/1obA9Y3_YSJCbiyMI3mhO563EaYIGdynu/view?usp=drive_link
link,1,https://drive.google.com/file/d/1A_W0X3w8kjypXiHZl5WF4Sfx0MC5bms5/view?usp=drive_link
link,1,https://drive.google.com/file/d/1h_sP0LcA4uAIoRRVOY23s0f0OgDmPSon/view?usp=drive_link
link,1,https://drive.google.com/file/d/1olkMYk7_U2r8euKYTs-6IxNADtu-rYoY/view?usp=drive_link
link,1,https://drive.google.com/file/d/1jPcSyUZw4bTmo_UDxRDjFi7NkPS5VlAW/view?usp=drive_link
link,1,https://drive.google.com/file/d/1RXJHuTcLpGUKh13eDc7pOgRZRrkAzfW5/view?usp=drive_link
link,1,https://drive.google.com/file/d/16tny96DIKGw-bWAfYlx-nbenAGrC6JGd/view?usp=drive_link
link,1,https://drive.google.com/file/d/1oGGYQ_lsCL5NMF-OzWzesZkQVraN-_qe/view?usp=drive_link
link,1,https://drive.google.com/file/d/12euprjhdMGNWVLl6YACIa8vW7ftdXC0T/view?usp=drive_link
link,1,https://drive.google.com/file/d/1P-LN0NkoD337eAswCYL16pU4rlpD-gJY/view?usp=drive_link
link,1,https://drive.google.com/file/d/1dMA-L0oft6QHK8neBrAKlz4fadDgu8er/view?usp=drive_link
link,1,https://drive.google.com/file/d/1p8usc3KrkKbOOBAQdzcSz80EpfurYibE/view?usp=drive_link
link,1,https://drive.google.com/file/d/1gZmKLUL1vUORi37EwEnt1Ui3BZScWdpc/view?usp=drive_link
link,1,https://drive.google.com/file/d/1ERAsjzXfVQTinh-kvjvvUl-3ND2xVJtM/view?usp=drive_link
link,1,https://drive.google.com/file/d/1Ury1GdcqZI5D_cAlW4Q5Do-0UeIFuie8/view?usp=drive_link
link,1,https://drive.google.com/file/d/1pdDMyyr-5U6wHtWubUbgmLM1GnUe35EP/view?usp=drive_link
link,1,https://drive.google.com/file/d/1czv7EQqUv4M9ujMR9ncF1BRgyi1W4YxH/view?usp=drive_link
link,1,https://drive.google.com/file/d/1kQNxY9rEYrZ2aOlQenxm6nLmketgHuxU/view?usp=drive_link
link,1,https://drive.google.com/file/d/1h9ex8NctGpu559gDw0rDmNIdY5xjSDzw/view?usp=drive_link
link,1,https://drive.google.com/file/d/1Y6t9gHjM-FYpapex2NuhacMORpxUcJL2/view?usp=drive_link
link,1,https://drive.google.com/file/d/1ztsn61LncjEBBIL4F8Y-bm53oIytnb_E/view?usp=drive_link
link,1,https://drive.google.com/file/d/1vIterjkg4PFq3LpC2TCY6ObV0D5u0wRa/view?usp=drive_link
link,1,https://drive.google.com/file/d/1GkwJezBiaADfobzXXt2qWcCE-eWnrs5t/view?usp=drive_link
link,1,https://drive.google.com/file/d/15KDYpOPPU93RSxH7G5giy7FUWfiOlwSE/view?usp=drive_link
link,1,https://drive.google.com/file/d/1s-rBict6SzK25jLOjGl2aJtewmdJoye-/view?usp=drive_link
link,1,https://drive.google.com/file/d/1VGYQity8unC4lwAAMTLsE57u4sAxnc-Z/view?usp=drive_link
link,1,https://drive.google.com/file/d/1raQlJ483obmfmu7ONfCft1Ll30hZC3vW/view?usp=drive_link
link,1,https://drive.google.com/file/d/1HUO7NARgApDqNGHtzAsuJq76RO3biLqv/view?usp=drive_link
link,1,https://drive.google.com/file/d/15s5KKP_VNDwvPQsbSgDMAbcS_5BoN_qO/view?usp=drive_link
link,1,https://drive.google.com/file/d/1qIVoE1pFjcprTJOIZx3qY4n2RlPafAVM/view?usp=drive_link
link,1,https://drive.google.com/file/d/1pjBYsTrs933pK7ZlWkzbUidx4raKzbQO/view?usp=drive_link
link,1,https://drive.google.com/file/d/11AEB8XMdKITUBbZaT9e0NCulETTlRhN5/view?usp=drive_link
link,1,https://drive.google.com/file/d/11Me6yhljWOUwMX8WH-8wz0eYxioWyp-a/view?usp=drive_link
link,1,https://drive.google.com/file/d/1PwetsOOPLSao5bzzzDjQkNZx04Ly1UvM/view?usp=drive_link
link,1,https://drive.google.com/file/d/1i2vkl6RPQnO4AXpZmaNkf5GnGhmupFCL/view?usp=drive_link
link,1,https://drive.google.com/file/d/1KEtPJ1jSbz5rEHENWzCbGXddNNa_NdWX/view?usp=drive_link
link,1,https://drive.google.com/file/d/171n16kFi1x6p90SuXrKMYFsLMjFJgcAL/view?usp=drive_link
link,1,https://drive.google.com/file/d/1f5ZVIe5GPDPnqsp7AoVS4t-LwKpUBcyK/view?usp=drive_link
link,1,https://drive.google.com/file/d/1tJpKL3kLyxNwtUIYo84AGRYd-krRWir2/view?usp=drive_link
link,1,https://drive.google.com/file/d/1HUJddyCOoqTnTWI1vsbmjn-Y-Q8FrUNz/view?usp=drive_link
link,1,https://drive.google.com/file/d/13pPbtocsgrYN2qOCRJsdMFz-FKwhpMtG/view?usp=drive_link
link,1,https://drive.google.com/file/d/1XVxgBOuwojcKe0tVW8-6Zmfe_hZRlg7v/view?usp=drive_link
link,1,https://drive.google.com/file/d/1XX9WsiQAjKNhRai7F2YrdqV-fFCiTFYd/view?usp=drive_link
link,1,https://drive.google.com/file/d/1jb20sWXvqb_jCsxA9J-_P4rkYbFZkzC_/view?usp=drive_link
link,1,https://drive.google.com/file/d/1fDs4JECY2cZyDnNaqucBU99PoiEJBhd1/view?usp=drive_link
link,1,https://drive.google.com/file/d/1nwwQvfJ2RAIXhalsIlVi0VQo5o8S8o9T/view?usp=drive_link
link,1,https://drive.google.com/file/d/1J0C1wD7iXCuW5Nirnqw4ZPz5Ttqlw6kR/view?usp=drive_link
link,1,https://drive.google.com/file/d/1rGO4mCAbtI1Q0nbs0LKYX8ExXqV2u3q2/view?usp=drive_link
link,1,https://drive.google.com/file/d/1N2iVqQscvjrcuo-d7jvjT00VBlgG79-B/view?usp=drive_link
link,1,https://drive.google.com/file/d/15-RFNm_g-dUfpQ0LLs8TeH4EEtuEukwE/view?usp=drive_link
link,1,https://drive.google.com/file/d/1ytVpz14kISIeh-Y-fuWnNeIK7eiRJ0Yi/view?usp=drive_link
link,1,https://drive.google.com/file/d/1jme0zwwoaqHRZoyjI6Lqsxi-gyQW6P6h/view?usp=drive_link
link,1,https://drive.google.com/file/d/1YbTud4_2sc_VgoabBej_Zc0Bg_hXjF3J/view?usp=drive_link
link,1,https://drive.google.com/file/d/1VmQk1rCpweWVZkqzejgxmt50jKEkOLzm/view?usp=drive_link
link,1,https://drive.google.com/file/d/1f1rLP0IEfu-wV0Pbcccmlue6gHT_4A9w/view?usp=drive_link
link,1,https://drive.google.com/file/d/1FBYU1QwM2S-SUlYp3PRqLryQtExVzeLk/view?usp=drive_link
link,1,https://drive.google.com/file/d/1ecckYO8ysKj4x3Szq0jzb7LinGq8t50c/view?usp=drive_link
link,1,https://drive.google.com/file/d/1sHu78Mra5gG2R1Viw34JJQ8lQyXq8cNa/view?usp=drive_link
link,1,https://drive.google.com/file/d/1hD_o1Z4PZhhcyuPBXJQ7solgzEd1F3m0/view?usp=drive_link
link,1,https://drive.google.com/file/d/1GPuAA1verYsi8vPEyKX7mWcv_PA289x3/view?usp=drive_link
link,1,https://drive.google.com/file/d/1f4PwrxZEsOmylT9KvgdNfA-Bgg02Y_5P/view?usp=drive_link
link,1,https://drive.google.com/file/d/1gN9Zxr9acFDE8wBB-89pxvbmXGatrxAH/view?usp=drive_link
link,1,https://drive.google.com/file/d/1Oe80xj4JYb62vZ4N-tSMAr7C-1pjTa0a/view?usp=drive_link
link,1,https://drive.google.com/file/d/1Df-lel2Nkdpvl_5BjhOEH572_p_foxDY/view?usp=drive_link
link,1,https://drive.google.com/file/d/1YF075LeVv4lXs2iVKNUiAN-jqyXS3NgT/view?usp=drive_link
link,1,https://drive.google.com/file/d/1lOSMqHW9hC-R-Uhs2RlALwtpvqjlHGeL/view?usp=drive_link
link,1,https://drive.google.com/file/d/14HmUJcQtGuu4PaZdS2dna_7eMpankSwi/view?usp=drive_link
link,1,https://drive.google.com/file/d/10Lh9zVa2j4f-lu6ytOPNqXt3mFbXtw3M/view?usp=drive_link
link,1,https://drive.google.com/file/d/1vSFBN2mJN1-PGtkF0lNDiLoEian7_rYc/view?usp=drive_link
link,1,https://drive.google.com/file/d/1x3FyaJcteTt-a_EXsN8jWMy_7TV3Oct8/view?usp=drive_link
link,1,https://drive.google.com/file/d/1h2CrxlypzzYP0drNAWbaX7ZAuuRF__qA/view?usp=drive_link
link,1,https://drive.google.com/file/d/1NO90L2n2S5w8-g1i7J23S-_vYS80K4bx/view?usp=drive_link
link,1,https://drive.google.com/file/d/1LQ_xil2bnk3Z9JZoSeXbEII9CA8-TKXK/view?usp=drive_link
link,1,https://drive.google.com/file/d/1x-m9GKPSEvnQtrYUUVXN-0BXfMbyXvMs/view?usp=drive_link
link,1,https://drive.google.com/file/d/1AIgN6shAl5-AIbZaHoo49ASkPTnfW5EB/view?usp=drive_link
link,1,https://drive.google.com/file/d/1yvyIkn1OZfbprOVFEWZpSrNTh8w5l1va/view?usp=drive_link
link,1,https://drive.google.com/file/d/16DQp-cVtTaHCuaThjhMZZFyIjJM9CEYJ/view?usp=drive_link
link,1,https://drive.google.com/file/d/19IuCvzSdsFs6oAeylCT-ySG2SmMmCdXH/view?usp=drive_link
link,1,https://drive.google.com/file/d/10owITFxR9fDU0oMA_MoNj_wcXePNlWuT/view?usp=drive_link
link,1,https://drive.google.com/file/d/1AvgpN1nZ3sgQJi8ySm1jUmMl3JbxBfSJ/view?usp=drive_link
link,1,https://drive.google.com/file/d/1435OQs0AhDQUxi_845Cf5uNI4TVadzxo/view?usp=drive_link
link,1,https://drive.google.com/file/d/1bze8BeS5y63R6IrZWAuh7CobhUNB923C/view?usp=drive_link
link,1,https://drive.google.com/file/d/1y2wXdh-Fs2gNl7bslC0jx2cHopxp0ezM/view?usp=drive_link
link,1,https://drive.google.com/file/d/1cWctRKnDKyIbL0njXW4RHC6a2bUgod23/view?usp=drive_link
link,1,https://drive.google.com/file/d/1AH6IdFwn1CnGKEuHVjc5HZKzzeUR1lWD/view?usp=drive_link
link,1,https://drive.google.com/file/d/1SsoYjCowqX3LZGhBIXWFo9_-3Tt0OyGf/view?usp=drive_link
link,1,https://drive.google.com/file/d/1rwXymfO5UVNUdG0G82JFT6YsKwk582Uo/view?usp=drive_link
link,1,https://drive.google.com/file/d/1xJ20EUc7flq29xHBzTtvxuxa8tXJvzb9/view?usp=drive_link
link,1,https://drive.google.com/file/d/1mlWjoBJiP_4q6qxCgeRMB3rgaVXkKKaU/view?usp=drive_link
link,1,https://drive.google.com/file/d/1Hq2HnjlC02jUTDUXL70dFoOjSh9HgCaw/view?usp=drive_link
link,1,https://drive.google.com/file/d/1yWImuruEPV5yV6Jr9xX_RAgx1eu5ZxVi/view?usp=drive_link
link,1,https://drive.google.com/file/d/1d82lz_dsAwbI_RBKPN89YdZUYLsiKA_4/view?usp=drive_link
link,1,https://drive.google.com/file/d/1tkMKJcQujaIYEiPElZATLAnAKujLlGQz/view?usp=drive_link
link,1,https://drive.google.com/file/d/13Z5dQMXPuxaxPygAfExNNVxRxHH2sJaE/view?usp=drive_link
link,1,https://drive.google.com/file/d/1ZDNoRVSfS50uweG2Gv0jwaim1ob0fbkt/view?usp=drive_link
link,1,https://drive.google.com/file/d/1pcrCyOAn9iIW8O-WXSSmbxRaOebx4gCE/view?usp=drive_link
link,1,https://drive.google.com/file/d/1-3ca9GyrzSXKyq37F9fktqqiPjmuBGjj/view?usp=drive_link
link,1,https://drive.google.com/file/d/1MvUMET4rzHt67cqVOx6UVdxmmr-GYLfS/view?usp=drive_link
link,1,https://drive.google.com/file/d/1fQBmLix-afvHQ2vcbB7_NQms2JsoKk-L/view?usp=drive_link
link,1,https://drive.google.com/file/d/1eJNeEy4we2WxKiNEXoE3aUPGyL-flgbp/view?usp=drive_link
link,1,https://drive.google.com/file/d/1Vulw4dmFca_bhghVPVErtmD6F1vvLp9t/view?usp=drive_link
link,1,https://drive.google.com/file/d/1ZbWBtrMLUbvY3TCevaT5zDrYGEGgAOHw/view?usp=drive_link
link,1,https://drive.google.com/file/d/1blOYvzLco4quaAoqKedzo_j6_TodcLK-/view?usp=drive_link
link,1,https://drive.google.com/file/d/1SNrCYupEe8dWL4oBUDaE3uiyYZSEUm_L/view?usp=drive_link
link,1,https://drive.google.com/file/d/1L7YwzpkdV0yvWunwZMsYVuEV9URSoemF/view?usp=drive_link
link,1,https://drive.google.com/file/d/1fNicjsbLYZ667I_-1beJfOFibY-sk8TH/view?usp=drive_link
link,1,https://drive.google.com/file/d/1Mx_MqWK11sQDh3lG4H_cAYZLtA89rSdZ/view?usp=drive_link
link,1,https://drive.google.com/file/d/1Pw2Iht2-BPYvNdzsnbPW3qSqNqkG5W1p/view?usp=drive_link
link,1,https://drive.google.com/file/d/16k0SBAeRq7HtA9GM8PrBxJbRLEaXp7Qg/view?usp=drive_link
link,1,https://drive.google.com/file/d/1JzOWvrzOImAdtS9hZWQcOajhWhImRobm/view?usp=drive_link
link,1,https://drive.google.com/file/d/1evLlvMfWCJAYP5cxvXrSrxrPtTBpdp5A/view?usp=drive_link
link,1,https://drive.google.com/file/d/1JrsDAL38YgZgBOi_JYZRu3Xt8DalArVy/view?usp=drive_link
link,1,https://drive.google.com/file/d/1HWQeLg3H7asB-6EYlIdpeBAHJepLwS-R/view?usp=drive_link
link,1,https://drive.google.com/file/d/1h8yR-fK5e4UFeJC5qMOiCbuS9kXUZSRA/view?usp=drive_link
link,1,https://drive.google.com/file/d/17q0UpSlET9eqHnv57AJbpFUFfSz6Hbx-/view?usp=drive_link
link,1,https://drive.google.com/file/d/13tpFZop6l8uffd9AOTJtjJYo6IVIzhBP/view?usp=drive_link
link,1,https://drive.google.com/file/d/14JX4ohzBU1rQrHi-j9uQiONS71r6sGqx/view?usp=drive_link
link,1,https://drive.google.com/file/d/1Ow5GmMAL3qlRK-attgiG6uTlHTUAGew4/view?usp=drive_link
link,1,https://drive.google.com/file/d/1LL4PIiOMSoQWXkbPi2SUNHnux8gbTjmP/view?usp=drive_link
link,1,https://drive.google.com/file/d/13BKnpBzSQLyjPjjFW6_0vbIvF6LxzjlF/view?usp=drive_link
link,1,https://drive.google.com/file/d/1ULRo3iwE18LcSgBH0Ob61u7UWNiIylDI/view?usp=drive_link
link,1,https://drive.google.com/file/d/1pZssgG8590dkr2nE6DHlbQK_AkX_TWPF/view?usp=drive_link
link,1,https://drive.google.com/file/d/1o2ltxPO1nmLP7Ru-KEI2cXiVExrEjJuV/view?usp=drive_link
link,1,https://drive.google.com/file/d/1C8v2kh1BvEPahRHzB1KIbpUx1Bss0LSK/view?usp=drive_link
link,1,https://drive.google.com/file/d/1yqtkwRBCMKl02s3ecCEOFCv6irDKWbiI/view?usp=drive_link
link,1,https://drive.google.com/file/d/1JrsOWhFtmJc60IrHZIDY79kbi68tYm3u/view?usp=drive_link
link,1,https://drive.google.com/file/d/1kfWzQKtGxokcekG_cjvgH46zEDQ_C-Ai/view?usp=drive_link
link,1,https://drive.google.com/file/d/16gWF91t6iQgq11PfV_SU6jHjXQA6rM-T/view?usp=drive_link
link,1,https://drive.google.com/file/d/1WahuZjYN-t8OxIuOVB-as7XW4-RGWRBJ/view?usp=drive_link
link,1,https://drive.google.com/file/d/1OEHlAy_C-hWPHIvr4QkeBPHK58DzLGiS/view?usp=drive_link
link,1,https://drive.google.com/file/d/1OgHXzA_l3Ftri-ekiGxTTkF4LWI6SBcn/view?usp=drive_link
link,1,https://drive.google.com/file/d/17doMJFxx2OiEpg9B4cx6UpY3qp-QMeq9/view?usp=drive_link
link,1,https://drive.google.com/file/d/1BFma9bqibuTzURx5_2a0EXBwX5pwyVlO/view?usp=drive_link
link,1,https://drive.google.com/file/d/1d49jq45OlzGV9OA4yNW9sCxuJXpXkf6S/view?usp=drive_link
link,1,https://drive.google.com/file/d/140wDNaej3AjbXl_Mi3LH-1eKG_7UWo-o/view?usp=drive_link
link,1,https://drive.google.com/file/d/1H1gz_Wp2fELIheQ7LfVWQ7TdSYwSW6iE/view?usp=drive_link
link,1,https://drive.google.com/file/d/1MTM-2mIbLzJ439635ZtGEbMhiFfLt9rn/view?usp=drive_link
link,1,https://drive.google.com/file/d/10cQMgWnnh7gNvMSsvmB8aox1_IZoxWMp/view?usp=drive_link
link,1,https://drive.google.com/file/d/1R_ccBkSU3q0liWZUml4GQKzgPxZtLB5c/view?usp=drive_link
link,1,https://drive.google.com/file/d/13kA0oL9GtSrcU5klRFXxQOqWtedG-vbo/view?usp=drive_link
link,1,https://drive.google.com/file/d/1zrqgIAKmhAOQJJ-lUey2P32dBYGX_0cv/view?usp=drive_link
link,1,https://drive.google.com/file/d/15B5wFMmz1Za2o2FrkCTS4RsllpRiKQGO/view?usp=drive_link
link,1,https://drive.google.com/file/d/1hECDH4MRI7IrI2_aWe_usfuCswMd6X5R/view?usp=drive_link
link,1,https://drive.google.com/file/d/1qk1s2Zv0xWej6iJRtqVoybgsyPMMLv1N/view?usp=drive_link
link,1,https://drive.google.com/file/d/1V3nggwi05UIwwQgo0gErnz_XmPfgkDoM/view?usp=drive_link
link,1,https://drive.google.com/file/d/1iGs0HZneiuMkw1HxzPSSQ2Lzff9Oj8lk/view?usp=drive_link
link,1,https://drive.google.com/file/d/1AvvOr5Ym-G2kIKKj9Zx64rt1qVNRuGDM/view?usp=drive_link
link,1,https://drive.google.com/file/d/1mChWajxHjU_jaadPvaB3zJHepH7XDeyx/view?usp=drive_link
link,1,https://drive.google.com/file/d/1Oq5RhKqALfYEQ499SI5guwPh8OuzcEa1/view?usp=drive_link
link,1,https://drive.google.com/file/d/1o2DRActM2ByJmPINBlP2K1rQPMWIPLXB/view?usp=drive_link
link,1,https://drive.google.com/file/d/16ZkoS9ZaQOfQakPOKW2jFhuLnOiGyc9a/view?usp=drive_link
link,1,https://drive.google.com/file/d/1IKqa5VrsAaSMMsh3pF0jzGQQE_rg4Yvf/view?usp=drive_link
link,1,https://drive.google.com/file/d/1k0Mqkz-aKullOw_tuCBtkuaTIcC9x5n7/view?usp=drive_link
link,1,https://drive.google.com/file/d/1rDMHb1LxSGfEdKrhEu94q2swzo7KPmOA/view?usp=drive_link
link,1,https://drive.google.com/file/d/1w_6W6RPIqVYDimWiEAF3jXN7X2vYdS0q/view?usp=drive_link
link,1,https://drive.google.com/file/d/1RsAjie5QDVkOgyNBJOweJSY6lczh2EEV/view?usp=drive_link
link,1,https://drive.google.com/file/d/1kEmweG-ze86Yb7uqwX-170hS9YuLAMir/view?usp=drive_link
link,1,https://drive.google.com/file/d/1h3guxr7ibjQ1CCu9-GibdOUNlv638UKk/view?usp=drive_link
link,1,https://drive.google.com/file/d/1uhzIdBtQoCu3Wl9wZqNOKSYwSnD6DK8e/view?usp=drive_link
link,1,https://drive.google.com/file/d/1Hezxw-hJ_4MGgTzbFD-H6N8I6D5Xs1rJ/view?usp=drive_link
link,1,https://drive.google.com/file/d/15WBxHC-5kU4d6_RWU6Tt2FdgpsaQJV4i/view?usp=drive_link
link,1,https://drive.google.com/file/d/1jnpbLCHOYQtUtQG_jHbNaqsb6akdk0KR/view?usp=drive_link
link,1,https://drive.google.com/file/d/1GxyRt1JDForo7uXlm4UjjNzh1OrHdhGN/view?usp=drive_link
link,1,https://drive.google.com/file/d/1TNejXSGeH9G6UCOIfs1bQ6WIcs7BESFz/view?usp=drive_link
link,1,https://drive.google.com/file/d/1flX5ZeRFSb4KE1r9n1wxNuy2CuTjHHkD/view?usp=drive_link
link,1,https://drive.google.com/file/d/1_8rkBNuLC3R5Ac1CCg5o6E1XQhdYKoLr/view?usp=drive_link
link,1,https://drive.google.com/file/d/1_6FYpF4cRbz966U34mxasLCqX_2wVAqs/view?usp=drive_link
link,1,https://drive.google.com/file/d/1AbizUjUYx6VxYQExFWU1aY0uCaPUKY75/view?usp=drive_link
link,1,https://drive.google.com/file/d/1EIDCzpyw16dKUqBw6_i41Aqo1CzB7W29/view?usp=drive_link
link,1,https://drive.google.com/file/d/1JuaZG8s68PuQSX2NZRBBq3ra77otKrAe/view?usp=drive_link
link,1,https://drive.google.com/file/d/12haECydYaNWhxxCgEYlVPby-Sa8T8CTw/view?usp=drive_link
link,1,https://drive.google.com/file/d/16QAI9RZisy7J1PgTQZjeGPOtnHZvy7p7/view?usp=drive_link
link,1,https://drive.google.com/file/d/1r3VJPGBUFINSCah_pQrlE641HLME7NrI/view?usp=drive_link
link,1,https://drive.google.com/file/d/1LucGjwMvB_M-gj-BQ4WbtQVR1kdUwRap/view?usp=drive_link
link,1,https://drive.google.com/file/d/1UUu0guqQtBcP0t3IaS-NLQpraUj-riG0/view?usp=drive_link
link,1,https://drive.google.com/file/d/1gBR4rfGoJiS3GuooihxDSHPp_1I6pomw/view?usp=drive_link
link,1,https://drive.google.com/file/d/1NzM_tXszXhRMuQvjzToISO_TvjWG-Hsn/view?usp=drive_link
link,1,https://drive.google.com/file/d/1RgsdxCa4_SxmgLwbIRbEn492DskrmGP0/view?usp=drive_link
link,1,https://drive.google.com/file/d/1o71NjIA7qml-x4upmOXvE5A2NGDVycWI/view?usp=drive_link
link,1,https://drive.google.com/file/d/1Akl9QRPY4QUPrFHcWnYYyA-awj86COPo/view?usp=drive_link
link,1,https://drive.google.com/file/d/14c3pRTuiCEPXTqwmCBw4jBokvKhsHevf/view?usp=drive_link
link,1,https://drive.google.com/file/d/1VdEuB1NWQ190rI6LLfbLLlM8YNpP71mB/view?usp=drive_link
link,1,https://drive.google.com/file/d/1gDcf32dO4nqZEbWZTgfvO3tSn6GC7DX0/view?usp=drive_link
link,1,https://drive.google.com/file/d/1lTHUlTXLAHKPPolPYUNmVtiWvjFKsAom/view?usp=drive_link
link,1,https://drive.google.com/file/d/1NdJk2eawYtuOlr4RQ8IssgRa7PiBGg2e/view?usp=drive_link
link,1,https://drive.google.com/file/d/1RDQfP09yDqMJY9w0Xx4ISMmekk-uXi4w/view?usp=drive_link
link,1,https://drive.google.com/file/d/1RIq5QMCLJU3twWMUTTYIABmjM-ANcHjA/view?usp=drive_link
link,1,https://drive.google.com/file/d/1wuNIP9skhA_nN0X-mfvDJFbroLBGShf5/view?usp=drive_link
link,1,https://drive.google.com/file/d/1fkyf1_ieJD064tSfH5_MKn7I8q7GGziT/view?usp=drive_link
link,1,https://drive.google.com/file/d/1l9irqNHRjQqzRt1ZMSvcP1S2WqDYFcji/view?usp=drive_link
link,1,https://drive.google.com/file/d/1Ft8AWnZLQqov97aroxmxySkM2feXm_8B/view?usp=drive_link
link,1,https://drive.google.com/file/d/1kf4rnP4D7r021TMiO9hFvl1ydP-SFffA/view?usp=drive_link
link,1,https://drive.google.com/file/d/1E43cpNggFAlMpG8Oj_hAK75bGoSLyLb0/view?usp=drive_link
link,1,https://drive.google.com/file/d/1eAOHz4X_gC8WyqykHFL0RjQ4S3bwGedQ/view?usp=drive_link
link,1,https://drive.google.com/file/d/1THAnNiXBdpbi8kf5OprY_vDA5sBbYTCB/view?usp=drive_link
link,1,https://drive.google.com/file/d/1Du5JlCRq9-1P914lUCJXMlBhBUMpdQlZ/view?usp=drive_link
link,1,https://drive.google.com/file/d/1tlhz7wuj39gPL3d4y7LROdHB0qjIvfR1/view?usp=drive_link
link,1,https://drive.google.com/file/d/1HaZ_HLsB5CY3OzoEd5H99gNom8Wge953/view?usp=drive_link
link,1,https://drive.google.com/file/d/1N0UAHTYjEJILLBTj3p_QLVNcicmcXX5S/view?usp=drive_link
link,1,https://drive.google.com/file/d/1m3dJSUEkPh3_plwnhQdVgXMArNDpgsH9/view?usp=drive_link
link,1,https://drive.google.com/file/d/1DSGnHEL--44hBItTw9BkJBm6fLA59TzS/view?usp=drive_link
link,1,https://drive.google.com/file/d/1jEol0D8BOmVKA_n_lv-eqYZgFxtQcEo6/view?usp=drive_link
link,1,https://drive.google.com/file/d/1w_bCSWLKfLxmq8_XYyxjZCaWcJvn1cHp/view?usp=drive_link
link,1,https://drive.google.com/file/d/1x7oENSThp0zW09PsZ_HTqXo4-WnLJ7Ow/view?usp=drive_link
link,1,https://drive.google.com/file/d/1Vzg4X0BOcJ4QcNpdo3SLYHWx9lS85ca0/view?usp=drive_link
link,1,https://drive.google.com/file/d/1hHKmUZxjbakyoJIa9eMu_dSrWhC0Yyhy/view?usp=drive_link
link,1,https://drive.google.com/file/d/1Z_ta8MBlKkNyI4d3wBgSXUvg2MjMC0Rb/view?usp=drive_link
link,1,https://drive.google.com/file/d/12Xcxmn69UfM9xcPEDEUfs4VWcJKrydv9/view?usp=drive_link
link,1,https://drive.google.com/file/d/14nvuI5vUd-uVpa1WWlKsUsKmH6kwXnT6/view?usp=drive_link
link,1,https://drive.google.com/file/d/1UI4bujaEz5j4N2QSV1H_F7NIags9yOG4/view?usp=drive_link
link,1,https://drive.google.com/file/d/1KO7FP1T6OWEJME3oNAumws9fQgNW_8mx/view?usp=drive_link
link,1,https://drive.google.com/file/d/1FoVh3lCDyeD1YgBLBjQsA2dnDBFLNt3V/view?usp=drive_link
link,1,https://drive.google.com/file/d/1rlyHIA2DqyI0NqGzTVK9iaZti-VjNOSV/view?usp=drive_link
link,1,https://drive.google.com/file/d/1xItHCutVaZtzE2YrdzNAWgILbuvUhNSB/view?usp=drive_link
link,1,https://drive.google.com/file/d/15MdEUFesAosnSmdv1G-RehUnepDm2ktq/view?usp=drive_link
link,1,https://drive.google.com/file/d/12RJePohp3uUZq0lKNcdYem9VOwzKWBq_/view?usp=drive_link
link,1,https://drive.google.com/file/d/1Z-YZqKqIrhV9CEMabDdGyTYdV0IO0Vz8/view?usp=drive_link
link,1,https://drive.google.com/file/d/1o-ulqwdJJ_m1ytkG5NSgL2JN9456Zg90/view?usp=drive_link
link,1,https://drive.google.com/file/d/1X7t92quDq8mj_5FStL4UZTdh8kz2SBFO/view?usp=drive_link
link,1,https://drive.google.com/file/d/1Kz1pZ6Re2tJX2Lkew0dktA9xtNQVDfmS/view?usp=drive_link
link,1,https://drive.google.com/file/d/1_JyeQhpRtZ7Kve3HLSj3njOuQdRvbGJF/view?usp=drive_link
link,1,https://drive.google.com/file/d/1P6LSeoagdCof2RPTKS5TS3mwF3jVpcfx/view?usp=drive_link
link,1,https://drive.google.com/file/d/1Fg_G4fly0aQbtnSa5bZF6VK9T0eN_Sjm/view?usp=drive_link
link,1,https://drive.google.com/file/d/14TKQhyM7Azgh5ZiaznFY2g2a-YQAcrnD/view?usp=drive_link
link,1,https://drive.google.com/file/d/1pFALRBOa5OrUeoT670g_OKvSsSMS8mgj/view?usp=drive_link
link,1,https://drive.google.com/file/d/1xB1fSiTOi9uNn2Y_yBKOzsTE0r7VCgBz/view?usp=drive_link
link,1,https://drive.google.com/file/d/1t5HlZBrfjspUCAFjUz0tM-iAXlykwYUL/view?usp=drive_link
link,1,https://drive.google.com/file/d/10joE02DurH0f3OxVrlwecQUoQK3OuWnH/view?usp=drive_link
link,1,https://drive.google.com/file/d/11GrhoWHcbTDh9IykYV3vIb5zR6-f0wl4/view?usp=drive_link
link,1,https://drive.google.com/file/d/1DMPQoNKdo4ktipRERqzGKyRgVjKWsAyK/view?usp=drive_link
link,1,https://drive.google.com/file/d/1At69SZewVbnD3T_WeDmlvkh9JxmihaxV/view?usp=drive_link
link,1,https://drive.google.com/file/d/1XZn48Bt388oUiYCyqly2thKesBxEYLKW/view?usp=drive_link
link,1,https://drive.google.com/file/d/1-Y_QHOtMW4twFIaY3C-Xt3GikmWms70-/view?usp=drive_link
link,1,https://drive.google.com/file/d/13Eaj7E8-ZCsEkeqrclrCOfu9btXIJucT/view?usp=drive_link
link,1,https://drive.google.com/file/d/1SVDF1MXMSfQ_xAc44PYBZDIvjdnoXS6M/view?usp=drive_link
link,1,https://drive.google.com/file/d/1Tsig0rIG-m9xtQPLz53pzqcubiAqO2H9/view?usp=drive_link
link,1,https://drive.google.com/file/d/1Sc2JAmo-s1VwcPnTpB-_9Yd7_99KNdbW/view?usp=drive_link
link,1,https://drive.google.com/file/d/18fRq0oBea-8WguWQTOw533CRccQIY9kQ/view?usp=drive_link
link,1,https://drive.google.com/file/d/1UR7KBHB4XWYu9Y7Yr0cJ1e_kRvMCkeKZ/view?usp=drive_link
link,1,https://drive.google.com/file/d/1oCdAOijKF6GLz4A9QE74_42fZIlfoaeG/view?usp=drive_link
link,1,https://drive.google.com/file/d/1NEBBsp0ar0BIc3fl-XAO6gmgKCbLbY_d/view?usp=drive_link
link,1,https://drive.google.com/file/d/1ywW9pmGlwfA8nqO9zr3A7DfLqGj8kLFK/view?usp=drive_link
link,1,https://drive.google.com/file/d/1g9Z9SA_tBIhzcR67gF9wfaxeqf69XiK0/view?usp=drive_link
link,1,https://drive.google.com/file/d/1_PLxxOsCLTPPfVZFpRYq9u3nZ6Kj1E6S/view?usp=drive_link
link,1,https://drive.google.com/file/d/1JhmsWL0MfWEv4qrDZpkz1Hul8S-vxnDF/view?usp=drive_link
link,1,https://drive.google.com/file/d/1x3J-MMeHkdUAbBVtGPMAXWGAxKeriJh_/view?usp=drive_link
link,1,https://drive.google.com/file/d/1kFjNhOLYvGp-vZvGxi5wfV9xclb76Hxu/view?usp=drive_link
link,1,https://drive.google.com/file/d/1UQ3lK-2iWYjqA7XaMGhVhXqTCG4h6iE5/view?usp=drive_link
link,1,https://drive.google.com/file/d/15GESbnQhGIZnmLwVUa16ANNWZlt66xDt/view?usp=drive_link
link,1,https://drive.google.com/file/d/1a1ZfhWqe1p9uxZV_QLFsZqXizv3aUDMl/view?usp=drive_link
