link,1,https://drive.google.com/file/d/1gVnPj1PtVjVvY5fnvrJ64aftLOhDTUkw/view?usp=drive_link
link,1,https://drive.google.com/file/d/1gv6vbs19DX-c0c_oAeAB2WyxzrUjVmlQ/view?usp=drive_link
link,1,https://drive.google.com/file/d/1vE2Z0SBEgjW4xgn11urlnNvicFobxkGw/view?usp=drive_link
link,1,https://drive.google.com/file/d/1SbH3JuN8og24NKzUHPv_EndqiAL4jUJM/view?usp=drive_link
link,1,https://drive.google.com/file/d/1nr9-7McznuzBthF-_c__BaF8JgYzI3om/view?usp=drive_link
link,1,https://drive.google.com/file/d/1cZJYvIfbuq_hd2o0s8Fvx8rRcrq3Xo_7/view?usp=drive_link
link,1,https://drive.google.com/file/d/1NbXbcaObQIuv40Mq82iIPFH2B271mq73/view?usp=drive_link
link,1,https://drive.google.com/file/d/1FRI4SQY4J1G4W_wnl8cWrGW32hBBqRP7/view?usp=drive_link
link,1,https://drive.google.com/file/d/1WWDQYE5rfwnnE0gTez8KaXkWju5aFQd4/view?usp=drive_link
link,1,https://drive.google.com/file/d/1-nLjOakPkqpcQIkaE9Rstd0PoF7KDTaW/view?usp=drive_link
link,1,https://drive.google.com/file/d/1Kglgy3DM-GR40Ip-SgAkqwjmFCjnw9EL/view?usp=drive_link
link,1,https://drive.google.com/file/d/1-aMmc1Tz_hRbyOVwF4tjC_zHyv3JCZRQ/view?usp=drive_link
link,1,https://drive.google.com/file/d/1QjDquyysznyZG5tfQU7vLRzUgNQqKkfZ/view?usp=drive_link
link,1,https://drive.google.com/file/d/1wd1sXt3POi78-uT6QFoEvzzLqxmgPfrn/view?usp=drive_link
link,1,https://drive.google.com/file/d/15IOCz-TlyATmJTJ35N79T6t4PT57suTl/view?usp=drive_link
link,1,https://drive.google.com/file/d/1i9c8N1pKq8b7lCt0s_YioKAqXSFNjtiG/view?usp=drive_link
link,1,https://drive.google.com/file/d/1Bu0YSsch0ekDypqHRhHftiP56iBFtQJo/view?usp=drive_link
link,1,https://drive.google.com/file/d/1INJvA2UH_-ArlaAtDeB-kvzepJd83UBm/view?usp=drive_link
link,1,https://drive.google.com/file/d/15BWMQwtADHBJYhSetun-SLuT2PChclE9/view?usp=drive_link
link,1,https://drive.google.com/file/d/1c8tmAGDYKN0pe9zjvT_1HAFkfUjQ2YvX/view?usp=drive_link
link,1,https://drive.google.com/file/d/1MuaUrEaqpbgRh0m04b3NdjteOVr4e0jF/view?usp=drive_link
link,1,https://drive.google.com/file/d/1c0cDoolM83RFTUq4WNZ09d2cQ-oODt9q/view?usp=drive_link
link,1,https://drive.google.com/file/d/14hOIaVQOV5CdDkQeQvoOE2cY1BeuwK8k/view?usp=drive_link
link,1,https://drive.google.com/file/d/1_h91hzDXnQX_0stCZ1VIWD_1N2C5tuQZ/view?usp=drive_link
link,1,https://drive.google.com/file/d/1xtGkNUUofR3Z9CncA-LF9TPrdBbvCb_U/view?usp=drive_link
link,1,https://drive.google.com/file/d/1vZ4fNCVDjBMfKwhAicpX6x_SzmQe1MJf/view?usp=drive_link
link,1,https://drive.google.com/file/d/1JKakDEmACak2eui15hP8SAcjCoKtTQe8/view?usp=drive_link
link,1,https://drive.google.com/file/d/1bCwt2c9QX5DTy09XXku8nCY59ZhE66fn/view?usp=drive_link
link,1,https://drive.google.com/file/d/1OX194zAutgx2vyYcsbvzwRkYREd4wzZ-/view?usp=drive_link
link,1,https://drive.google.com/file/d/10v7RnzGJqTTcZusW5GhLqxw2qJuao5un/view?usp=drive_link
link,1,https://drive.google.com/file/d/1eb-J890Fhcm_zxuUf8jmX0PPxz_jRpLd/view?usp=drive_link
link,1,https://drive.google.com/file/d/18X_1AOCw5ZYmdjNgfaSEWc8EjATH2eQe/view?usp=drive_link
link,1,https://drive.google.com/file/d/1W5eEqpZYkiP36y_FKn458yL_HO1pvamo/view?usp=drive_link
link,1,https://drive.google.com/file/d/1X4ay43J4fKjxeIONlG9Mt1asFDkCUKXf/view?usp=drive_link
link,1,https://drive.google.com/file/d/1KbJ8SleKGD08jf9zxzQ4nnhDh9ktudtg/view?usp=drive_link
link,1,https://drive.google.com/file/d/1gC5YGLZ1gqYf_aJTOoWN9R7oPpYTSZQq/view?usp=drive_link
link,1,https://drive.google.com/file/d/1joaKmrWuhdocINp0c1n6bcxAY8YZm_W2/view?usp=drive_link
link,1,https://drive.google.com/file/d/1nNnNcDMnMqNbl1_qEO6gCIsR_PJtV06Y/view?usp=drive_link
link,1,https://drive.google.com/file/d/1haPEUnGX7KgEv_l-eMhEM-XCHvG9WRnJ/view?usp=drive_link
link,1,https://drive.google.com/file/d/1RSk26bSWaKbkuBWWNXJVvInMrj01b_mM/view?usp=drive_link
link,1,https://drive.google.com/file/d/1RvNKkBVEYE0Yv3rCeh5k_0wpBBi-VLve/view?usp=drive_link
link,1,https://drive.google.com/file/d/1nxlNm-28fPL2rPBv_ncqNB9yVe4nVGBM/view?usp=drive_link
link,1,https://drive.google.com/file/d/1Wa1rSvJAUickZvcJP1GxYplgBAcBR2eT/view?usp=drive_link
link,1,https://drive.google.com/file/d/1XjB_yIziaYlR7yHd_KfAyrHIKiutr50t/view?usp=drive_link
link,1,https://drive.google.com/file/d/1ojvAeU37UgzgBUVsUPm0mgMOqNtn7al9/view?usp=drive_link
link,1,https://drive.google.com/file/d/1ALzrQxeFhx6F9RhNBKw_B-znJRFR58EK/view?usp=drive_link
link,1,https://drive.google.com/file/d/1yyAausIqF11XS9HrpjX7I3UZs1ElMeXP/view?usp=drive_link
link,1,https://drive.google.com/file/d/1DBVygUVcQqSyrcD_vvXLO9gAtzEpQcFU/view?usp=drive_link
link,1,https://drive.google.com/file/d/1yuxbXvRj_ngythQF8QfVpvIWtoN5F7b6/view?usp=drive_link
link,1,https://drive.google.com/file/d/1kLroXKfSDAl3gNURgk60v3hAaciQONSh/view?usp=drive_link
link,1,https://drive.google.com/file/d/1-otdP-OCSmFIlSQ433SbvAtZZsUewGlA/view?usp=drive_link
link,1,https://drive.google.com/file/d/11p_MIeKOS7GdoC1Ggv_GZMMWZKiOqMsJ/view?usp=drive_link
link,1,https://drive.google.com/file/d/1ycq2G0qTBwYi5jrWkk4fZyET2RqQmO8-/view?usp=drive_link
link,1,https://drive.google.com/file/d/1pzot8eMBfVnVeTFbKZZEKe5TNWplRpvm/view?usp=drive_link
link,1,https://drive.google.com/file/d/1rFup8ph68No-EN09gXGwgNhuYDkP8EaV/view?usp=drive_link
link,1,https://drive.google.com/file/d/1lH7ltARf5L1buq3WjM8xwWoe8LwNMFl5/view?usp=drive_link
link,1,https://drive.google.com/file/d/1Mzta9snK0vc8WRiO6eYTxLgUr8h-ycrD/view?usp=drive_link
link,1,https://drive.google.com/file/d/1kBCTfYOevzwCKyOxrPaNiIEIJMVvqXwW/view?usp=drive_link
link,1,https://drive.google.com/file/d/1otrYjgvXQG8fw-4fDx3D5xmrVrfkCZwH/view?usp=drive_link
link,1,https://drive.google.com/file/d/1v_yc_lfupTJc2iBXpinpaQtdBlBImFvF/view?usp=drive_link
link,1,https://drive.google.com/file/d/1yv5zJWTw0J2kXX90H3sT-7sCY31VCl5n/view?usp=drive_link
link,1,https://drive.google.com/file/d/1BK5yZVL3hhIvKkLVAXrc-ZBEiwJOvzsn/view?usp=drive_link
link,1,https://drive.google.com/file/d/103ajLpvS8Y-HHDhtgFQ181UDIqzpqikG/view?usp=drive_link
link,1,https://drive.google.com/file/d/1o70nK_GzYAYSRR66wtCPJU3zI5gUQD_l/view?usp=drive_link
link,1,https://drive.google.com/file/d/1pPP1CqoIZnraae4JASFRflVeD0NGUggX/view?usp=drive_link
link,1,https://drive.google.com/file/d/11QkWt_FpAa7CFnZwPz8nCqJDpaO_cKxK/view?usp=drive_link
link,1,https://drive.google.com/file/d/1li2WznPVUoy2MVULnQtw1vBdg1BBCypW/view?usp=drive_link
link,1,https://drive.google.com/file/d/1wYHPZq4bXLzZE13tePMPX0ZxsmwAfN-Q/view?usp=drive_link
link,1,https://drive.google.com/file/d/1VY-62jsn0LSJM8DYy4BatqHf4CPySMu3/view?usp=drive_link
link,1,https://drive.google.com/file/d/1AlPVErlXOlwybLazI5XBFwZmELH1JO-b/view?usp=drive_link
link,1,https://drive.google.com/file/d/1_oeRFKIQiITo0s4WOjkIajHZ4QsdD1A-/view?usp=drive_link
link,1,https://drive.google.com/file/d/1lRWk7kUM9qbSwApMayfjOWLe4tf0agUu/view?usp=drive_link
link,1,https://drive.google.com/file/d/1rTTMIIBES50uAcnIP6La4LosGR-Gqbz9/view?usp=drive_link
link,1,https://drive.google.com/file/d/1tYbADt7mMRHbwA7yeJ6B_qHj3wnXAKXP/view?usp=drive_link
link,1,https://drive.google.com/file/d/1_gqZjcXNUxcsnirHvAwu_1sWJgqAitKF/view?usp=drive_link
link,1,https://drive.google.com/file/d/13to0mz59OpN58JcOpeIaoE2fA6K0b72q/view?usp=drive_link
link,1,https://drive.google.com/file/d/1XR34tDpFPNC2TMxHN1yyWMz3Ai6RwdTK/view?usp=drive_link
link,1,https://drive.google.com/file/d/1bIaxisAky9zaWt4dX1yu_Pssqgfkc3O5/view?usp=drive_link
link,1,https://drive.google.com/file/d/1yTr_CmQYzs6P-Q1JXPM9VPtgndO9mLCd/view?usp=drive_link
link,1,https://drive.google.com/file/d/1Rqm1zx77Hb72HEXWts9KPwBInYy2C-Vm/view?usp=drive_link
link,1,https://drive.google.com/file/d/14QP7UlvKVgg_7bue80CS9cxpPCSvgt1J/view?usp=drive_link
link,1,https://drive.google.com/file/d/1VTlFXFmSNxdrub77jyiOh7sUXY3v5u9A/view?usp=drive_link
link,1,https://drive.google.com/file/d/1Kt0w3WlUNmmlWfZS4dkXloqMCRO3KK9i/view?usp=drive_link
link,1,https://drive.google.com/file/d/1b_unkxkACllZgWLHyvWKlHi6a7Aa7gUF/view?usp=drive_link
link,1,https://drive.google.com/file/d/1yqgIb4IbgH3GiZkgbxqVTMwoczOZSGYN/view?usp=drive_link
link,1,https://drive.google.com/file/d/15baGmE6TBVV89-DY_CAIVoDvISAw8DKO/view?usp=drive_link
link,1,https://drive.google.com/file/d/1dytAZSU7M3xdmPFbCvymhx1zZEmUlYJh/view?usp=drive_link
link,1,https://drive.google.com/file/d/1Hrq0ioKd2JjbLUnH5_vhgVQLp4IAEH9h/view?usp=drive_link
link,1,https://drive.google.com/file/d/1-lzsi_4eQONLsvuZFB1PLrsjm6NycDaS/view?usp=drive_link
link,1,https://drive.google.com/file/d/1kgQdvGJCZjsV1XpyqbOmjSaIFp5nkVfz/view?usp=drive_link
link,1,https://drive.google.com/file/d/10Cz96zZ6urEjxBpmOLVpY7SuS1U-yEdB/view?usp=drive_link
link,1,https://drive.google.com/file/d/1YUQEF-hH1Jr0zk4dRbTVwhkz4EX5g7Ji/view?usp=drive_link
link,1,https://drive.google.com/file/d/1mnz9n5YU7MmCEANAZ7UdUzkQTuwu4gf5/view?usp=drive_link
link,1,https://drive.google.com/file/d/1d1dxFO6TYWsJgZ2_whxTrdUcOdwwuqiR/view?usp=drive_link
link,1,https://drive.google.com/file/d/1nvx8CnOeEDWX02cA03ZdpKl9OOnGD_AS/view?usp=drive_link
link,1,https://drive.google.com/file/d/1n7k7lprF9ZvZBUUs1Rb3jFNmC9_w1fYa/view?usp=drive_link
link,1,https://drive.google.com/file/d/1-I_2SexU10IdCBxy0X7C7GBfceu-INrU/view?usp=drive_link
link,1,https://drive.google.com/file/d/1XMwXc8UyC6FhF3QdWH-OJSeUAN_4WPAK/view?usp=drive_link
link,1,https://drive.google.com/file/d/14PnIpkeiU-RQskMiUXS4xjaMAP2HMWYn/view?usp=drive_link
link,1,https://drive.google.com/file/d/1Y0CpmOIBmJ1134XqdwTkEokMTXnuN2Td/view?usp=drive_link
link,1,https://drive.google.com/file/d/1EaUlmnWJeSpHbK9O4ju6VElec7W8E82t/view?usp=drive_link
link,1,https://drive.google.com/file/d/1_2z_M6pNyGk68IhHyJBdo4SRpWU74qd7/view?usp=drive_link
link,1,https://drive.google.com/file/d/13hVBHKvHoiY5USdk9aAjmfZbcia-HVNa/view?usp=drive_link
link,1,https://drive.google.com/file/d/1Kd9ubUZ_wA8-ldxgKzAh0HRnY1MWFTN-/view?usp=drive_link
link,1,https://drive.google.com/file/d/15Kedky4t8rBzlLDjT2i-HlrGCWn_Ociu/view?usp=drive_link
link,1,https://drive.google.com/file/d/1zGBAJGzKQMrwvmI9guWuhO6AjknxFhkd/view?usp=drive_link
link,1,https://drive.google.com/file/d/1coDcXZEzHKH8lW1LjO-gZ_AE3QcJF2bw/view?usp=drive_link
link,1,https://drive.google.com/file/d/1AkMV1k-mdXBLxVMGXKUKvsgbPJu-YVHV/view?usp=drive_link
link,1,https://drive.google.com/file/d/1e1V9COB2z1AE4wYKmxK3nGzHtWWHwzVm/view?usp=drive_link
link,1,https://drive.google.com/file/d/1_-g9nu-mdvaQHI9kBlplouin-c_SsyuK/view?usp=drive_link
link,1,https://drive.google.com/file/d/1YxBNwvlidNEy9tT86V305XeeS3hkoce_/view?usp=drive_link
link,1,https://drive.google.com/file/d/1jhUnJzLLFqvvQYPDpJ1dQUjuvwJErKFw/view?usp=drive_link
link,1,https://drive.google.com/file/d/12d2FJJmyy-br0IGIJPFaLRNsYKksgtMn/view?usp=drive_link
link,1,https://drive.google.com/file/d/1iDhHFXDrXKpBfxj8d5Rb83tYEXwuFs82/view?usp=drive_link
link,1,https://drive.google.com/file/d/1Cp5LtVfO9ELHm7-3X4EK_aaPY4aEdYbF/view?usp=drive_link
link,1,https://drive.google.com/file/d/1sjWAHtvcB88zpNruZ9kluDXwuQh8CsaR/view?usp=drive_link
link,1,https://drive.google.com/file/d/1CPae-93LTSXVH77WHckUoaQF23KEA0IY/view?usp=drive_link
link,1,https://drive.google.com/file/d/1S0bmZmHYHGTYemZm_1Ph8Vnyo4pC2Jvy/view?usp=drive_link
link,1,https://drive.google.com/file/d/1bG6VGBG9j8EE7tJtaLp23PGQ19e17Vgp/view?usp=drive_link
link,1,https://drive.google.com/file/d/1phzNvCmF7-wyUxYwXvIZzVcTHL_PYyBf/view?usp=drive_link
link,1,https://drive.google.com/file/d/1F1XsAfNY36xcvldUySoHfp68vaGPK8rW/view?usp=drive_link
link,1,https://drive.google.com/file/d/1Pn0ui008TluvQwxxVIxuwQe9Y8RDVVEV/view?usp=drive_link
link,1,https://drive.google.com/file/d/1jl_t8yVkomyAMYrMinvDWU6oIMnhuEbz/view?usp=drive_link
link,1,https://drive.google.com/file/d/1SXtHlDyD04AEsYkFS7TIKhL09EuWXNNi/view?usp=drive_link
link,1,https://drive.google.com/file/d/1IboHEVTnYQNabdO3fN7bneYieEtYsnPi/view?usp=drive_link
link,1,https://drive.google.com/file/d/14e7BCd3-Ott2rxwJxAaqphGDOYx4hY-u/view?usp=drive_link
link,1,https://drive.google.com/file/d/1qPfiWta5oOU3FIOnlhh7J7XIisncUZQx/view?usp=drive_link
link,1,https://drive.google.com/file/d/1K3VDPH0J_u5vFJjg2JG_cES5Z0RnsNdI/view?usp=drive_link
link,1,https://drive.google.com/file/d/19JDkgqimLUWCKvCrEtduXnjBEWGJ2kcC/view?usp=drive_link
link,1,https://drive.google.com/file/d/1Qm03cG5bdbvp1_rLVXNttUvV_RF6lgXq/view?usp=drive_link
link,1,https://drive.google.com/file/d/1A_AF87xTTiOb5pY3riMDvcBZ2mkUQczJ/view?usp=drive_link
link,1,https://drive.google.com/file/d/17hnoGVsmkTI0Ken29wfiawAabYWfY2nH/view?usp=drive_link
link,1,https://drive.google.com/file/d/1Y7Pbrq3WAvzawgdNhsyTjHnDu3WYcLQi/view?usp=drive_link
link,1,https://drive.google.com/file/d/1AG6IOiYB7RHlPapALhspIj2GWUTVOvsQ/view?usp=drive_link
link,1,https://drive.google.com/file/d/1zRdO9nr1FVEgQ5W2vPgbz7lX6X65VXdB/view?usp=drive_link
link,1,https://drive.google.com/file/d/1np-KKpDF26wTLX87ljSbLQuzWvJk41nj/view?usp=drive_link
link,1,https://drive.google.com/file/d/1kx8eb-pR_sZQ7qPK5PGOBu1KL_nfJtHl/view?usp=drive_link
link,1,https://drive.google.com/file/d/17NriygpdEX4-fCgAnmLMIuz6wTOC6QTp/view?usp=drive_link
link,1,https://drive.google.com/file/d/1hh5AJg4dqyhRvT6leTfhMvZ92e2DUlSh/view?usp=drive_link
link,1,https://drive.google.com/file/d/1qPmGBYwTocvcO7c3vrQKzzGh3zivcqtz/view?usp=drive_link
link,1,https://drive.google.com/file/d/1RdlcO_atWk5e1gw7U_Lf06kN0GJcJg1W/view?usp=drive_link
link,1,https://drive.google.com/file/d/1PSJ3KfOGHeZPad4Kejj4PmGOP03Mjw0l/view?usp=drive_link
link,1,https://drive.google.com/file/d/1iWvzHRzHiumtwmVGmGPMztQQx7tUkFYU/view?usp=drive_link
link,1,https://drive.google.com/file/d/1tchLNOEiVSjHH2VIip0P9DTgLvSJiwgw/view?usp=drive_link
link,1,https://drive.google.com/file/d/1PTHiJkRxkEl_OcIq-ttT_ALqFqdvZ5HE/view?usp=drive_link
link,1,https://drive.google.com/file/d/1D2WKoWzw1GVe_3fBdkwVXFlPqh8WMkY2/view?usp=drive_link
link,1,https://drive.google.com/file/d/138Id1ekDklIvjF-KVDqyZ6rzOfUKiAfA/view?usp=drive_link
link,1,https://drive.google.com/file/d/1S0JPDhnUeoD5JbHeBWP2Q9wZTRust4E6/view?usp=drive_link
link,1,https://drive.google.com/file/d/1275HWkqyhX4GV6cP_rnQKiOCWMykrx1p/view?usp=drive_link
link,1,https://drive.google.com/file/d/1QOK3DZ5scjfqYY9K7HOBbINTsQxVcBhN/view?usp=drive_link
link,1,https://drive.google.com/file/d/1ipWdN2H7m4lgVabtfJC28JDmpUbOvTkn/view?usp=drive_link
link,1,https://drive.google.com/file/d/1awpo2AAzulecpe_0Nz7UVfQPPWfBZktn/view?usp=drive_link
link,1,https://drive.google.com/file/d/1R-bl_WHAM0yRUb9G-TYGbCS9eIE9JOBg/view?usp=drive_link
link,1,https://drive.google.com/file/d/1WIS0yz0Zlf0Pc7j7E6_xzEtaOHzdczQE/view?usp=drive_link
link,1,https://drive.google.com/file/d/1rBYkQo-lEkBZ7idHjzBI00rJ9xVVOeJl/view?usp=drive_link
link,1,https://drive.google.com/file/d/1fOXjFtjHcrjVytdcjk5DWtRWgaDYPKeT/view?usp=drive_link
link,1,https://drive.google.com/file/d/1xyFruvPq3qUp8QhnWWJvWgCczCmj8A2v/view?usp=drive_link
link,1,https://drive.google.com/file/d/1f1CE4cqflRnvJyLLxKN-ue5hwVCjF3-z/view?usp=drive_link
link,1,https://drive.google.com/file/d/1j4hAm2TULUQBOVf3DPepPSqmYezgXdWv/view?usp=drive_link
link,1,https://drive.google.com/file/d/1AL4ULQ6YIIblZ-64cktfurfSqHaEooAr/view?usp=drive_link
link,1,https://drive.google.com/file/d/1-LdBiAXBgTAbqsrMNw7B2UVuGP9IlMeP/view?usp=drive_link
link,1,https://drive.google.com/file/d/1I-kLVvUme0_OKOvgyd3pY3DC95UvCQft/view?usp=drive_link
link,1,https://drive.google.com/file/d/1pJUfjJ-BI-6r2qBCyIuJBbVG5H4CHBcV/view?usp=drive_link
link,1,https://drive.google.com/file/d/1_8r8b5TUqZExx99DQrRzYVd8-qJiQSiz/view?usp=drive_link
link,1,https://drive.google.com/file/d/1CGvySIoHWUzF17k9Ny0-d63nDHsuCp80/view?usp=drive_link
link,1,https://drive.google.com/file/d/1LYRLTYHOQ6_wBHsVmVJiUcRQdR6ATEV9/view?usp=drive_link
link,1,https://drive.google.com/file/d/10Acod_H-dbabHc2P6g_9JTyBBJKiITX6/view?usp=drive_link
link,1,https://drive.google.com/file/d/1hci7qWkFlnCyiiGgqW_L9h001HhpKA0s/view?usp=drive_link
link,1,https://drive.google.com/file/d/1isLWIlkOK1sdIwaC-OkmF9dsSbSWe8CB/view?usp=drive_link
link,1,https://drive.google.com/file/d/18UCBgapSpXYRq9Ij3X1GC7yRTzWZMwyf/view?usp=drive_link
link,1,https://drive.google.com/file/d/1V_HHMggLrx17c9LDP-ZqUnSCqMsEov0E/view?usp=drive_link
link,1,https://drive.google.com/file/d/1GmbzE6ds-8LBOUHgfEgwMzOeeLYqfFnD/view?usp=drive_link
link,1,https://drive.google.com/file/d/1iZ8DMwr58INHWW819FIwTdK5NMX0LYxN/view?usp=drive_link
link,1,https://drive.google.com/file/d/1ADh8zcgqGcQHzjV56BFp5hu-2ts70XpN/view?usp=drive_link
link,1,https://drive.google.com/file/d/1GMg7JJmUiB7XdjRt9OfTViA-6HM0UnpV/view?usp=drive_link
link,1,https://drive.google.com/file/d/1Q3k9dXgnMj0yrBS7qGug8TZFkkILzE42/view?usp=drive_link
link,1,https://drive.google.com/file/d/1Pv_43mcTB35MvpMH3LZ8b_NppSKwlvc4/view?usp=drive_link
link,1,https://drive.google.com/file/d/1iPQZ9DWEEf4DishP5pqVz9nIdCH6tZ-P/view?usp=drive_link
link,1,https://drive.google.com/file/d/1USAmqStt4T4ey2E9R_uSLwlLxlkSVFYv/view?usp=drive_link
link,1,https://drive.google.com/file/d/1ibbV0xAVfudi-Qu876aCH728JXx9Pw5l/view?usp=drive_link
link,1,https://drive.google.com/file/d/1E4FIInH50J5Ec04Pjr2W8yKKesbjXzPA/view?usp=drive_link
link,1,https://drive.google.com/file/d/1sa3mJZLotqt5WiGtFnuZtRH0IP6HHoIF/view?usp=drive_link
